interp_r,interp_d,interp_mp1,interp_mp2,interp_sub
0,3.444491,10.33347,17.22245,7.649437386
10,3.444505,10.33349,17.22247,7.649311168
20,3.444521,10.3335,17.22248,7.649178091
30,3.444552,10.33351,17.2225,7.649038155
40,3.444601,10.33353,17.22251,7.648891361
50,3.444655,10.33354,17.22252,7.648737708
60,3.444722,10.33356,17.22254,7.648577196
70,3.444804,10.33359,17.22255,7.648409825
80,3.444902,10.33362,17.22257,7.648235596
90,3.445008,10.33366,17.22259,7.648054508
100,3.445126,10.3337,17.22261,7.647866561
110,3.445263,10.33375,17.22263,7.647671756
120,3.445406,10.3338,17.22266,7.647470092
130,3.445563,10.33385,17.22269,7.647261569
140,3.445732,10.33391,17.22272,7.647046187
150,3.445919,10.33397,17.22276,7.646823947
160,3.446112,10.33403,17.2228,7.646594848
170,3.44632,10.3341,17.22285,7.64635889
180,3.446545,10.33417,17.2229,7.646116074
190,3.446776,10.33424,17.22295,7.645866399
200,3.447021,10.33432,17.223,7.645609865
210,3.447279,10.33441,17.22305,7.645346472
220,3.447553,10.33451,17.22311,7.645076221
230,3.447836,10.3346,17.22316,7.644799111
240,3.448132,10.33471,17.22322,7.644515142
250,3.44844,10.33481,17.22327,7.644224315
260,3.448765,10.33492,17.22334,7.643926629
270,3.449098,10.33502,17.2234,7.643622084
280,3.449444,10.33514,17.22347,7.64331068
290,3.449803,10.33525,17.22354,7.642992418
300,3.450178,10.33538,17.22361,7.642667297
310,3.450561,10.33551,17.22369,7.642335317
320,3.450958,10.33565,17.22377,7.641996479
330,3.451367,10.33579,17.22385,7.641650781
340,3.451792,10.33593,17.22393,7.641298225
350,3.452225,10.33607,17.22402,7.640938811
360,3.452672,10.33622,17.22411,7.640572537
370,3.453132,10.33637,17.22421,7.640199405
380,3.453604,10.33653,17.22431,7.639819415
390,3.454091,10.33669,17.22441,7.639432565
400,3.454588,10.33685,17.22451,7.639038857
410,3.455098,10.33702,17.22461,7.63863829
420,3.45562,10.3372,17.22472,7.638230864
430,3.456155,10.33738,17.22482,7.63781658
440,3.456703,10.33757,17.22493,7.637395437
450,3.457263,10.33776,17.22504,7.636967435
460,3.457836,10.33795,17.22515,7.636532575
470,3.458421,10.33814,17.22527,7.636090855
480,3.459019,10.33834,17.22538,7.635642278
490,3.45963,10.33854,17.22551,7.635186841
500,3.460252,10.33875,17.22563,7.634724546
510,3.460892,10.33896,17.22576,7.634255391
520,3.461538,10.33918,17.2259,7.633779379
530,3.462197,10.33941,17.22604,7.633296507
540,3.462869,10.33963,17.22618,7.632806777
550,3.463553,10.33986,17.22632,7.632310188
560,3.464249,10.34009,17.22646,7.63180674
570,3.464959,10.34033,17.2266,7.631296434
580,3.465681,10.34057,17.22674,7.630779269
590,3.466415,10.34081,17.22688,7.630255245
600,3.467162,10.34106,17.22703,7.629724362
610,3.467921,10.34132,17.22718,7.629186621
620,3.468693,10.34157,17.22733,7.628642021
630,3.46948,10.34184,17.22749,7.628090562
640,3.470275,10.34211,17.22765,7.627532245
650,3.471084,10.34238,17.22781,7.626967069
660,3.471905,10.34266,17.22798,7.626395034
670,3.472738,10.34294,17.22814,7.625816141
680,3.473584,10.34322,17.22831,7.625230388
690,3.474441,10.34351,17.22849,7.624637777
700,3.475312,10.3438,17.22866,7.624038308
710,3.476194,10.34409,17.22884,7.623431979
720,3.477089,10.34439,17.22903,7.622818792
730,3.477996,10.3447,17.22921,7.622198746
740,3.478916,10.34501,17.2294,7.621571842
750,3.479848,10.34532,17.22959,7.620938078
760,3.480792,10.34564,17.22978,7.620297456
770,3.481749,10.34597,17.22997,7.619649976
780,3.482718,10.34629,17.23017,7.618995636
790,3.483699,10.34662,17.23036,7.618334438
800,3.484692,10.34696,17.23056,7.617666381
810,3.485698,10.34729,17.23076,7.616991466
820,3.486715,10.34764,17.23096,7.616309691
830,3.487742,10.34798,17.23117,7.615621058
840,3.488784,10.34833,17.23138,7.614925566
850,3.489839,10.34869,17.2316,7.614223216
860,3.490905,10.34904,17.23182,7.613514007
870,3.491983,10.34941,17.23204,7.612797939
880,3.493073,10.34978,17.23227,7.612075012
890,3.494175,10.35015,17.23249,7.611345227
900,3.495291,10.35053,17.23272,7.610608583
910,3.496419,10.35091,17.23295,7.60986508
920,3.497559,10.3513,17.23318,7.609114719
930,3.498706,10.35168,17.23341,7.608357498
940,3.49987,10.35208,17.23365,7.60759342
950,3.501045,10.35247,17.23388,7.606822482
960,3.502234,10.35287,17.23412,7.606044686
970,3.503429,10.35328,17.23436,7.605260031
980,3.504641,10.35369,17.23461,7.604468517
990,3.505865,10.3541,17.23486,7.603670144
1000,3.507098,10.35452,17.23511,7.602864913
1010,3.508345,10.35495,17.23536,7.602052823
1020,3.509604,10.35537,17.23561,7.601233874
1030,3.510874,10.35581,17.23587,7.600408067
1040,3.51216,10.35624,17.23613,7.599575401
1050,3.513452,10.35668,17.2364,7.598735876
1060,3.51476,10.35712,17.23667,7.597889493
1070,3.516081,10.35757,17.23694,7.597036251
1080,3.517408,10.35802,17.23721,7.59617615
1090,3.518752,10.35847,17.23749,7.59530919
1100,3.520104,10.35893,17.23777,7.594435372
1110,3.521471,10.3594,17.23804,7.593554694
1120,3.522847,10.35986,17.23833,7.592667159
1130,3.524238,10.36034,17.23861,7.591772764
1140,3.525638,10.36081,17.23889,7.590871511
1150,3.527051,10.36129,17.23918,7.589963399
1160,3.528476,10.36178,17.23947,7.589048428
1170,3.529917,10.36227,17.23976,7.588126599
1180,3.531362,10.36277,17.24006,7.587197911
1190,3.53282,10.36326,17.24036,7.586262364
1200,3.534294,10.36376,17.24066,7.585319958
1210,3.535777,10.36427,17.24096,7.584370694
1220,3.537273,10.36478,17.24127,7.583414571
1230,3.538779,10.36529,17.24157,7.582451589
1240,3.540297,10.36581,17.24189,7.581481749
1250,3.541827,10.36633,17.2422,7.58050505
1260,3.543368,10.36686,17.24252,7.579521492
1270,3.544921,10.36739,17.24284,7.578531075
1280,3.546486,10.36793,17.24317,7.5775338
1290,3.548066,10.36847,17.2435,7.576529666
1300,3.549653,10.36901,17.24382,7.575518673
1310,3.551251,10.36956,17.24415,7.574500822
1320,3.552861,10.37011,17.24449,7.573476112
1330,3.554486,10.37066,17.24482,7.572444543
1340,3.556119,10.37123,17.24515,7.571406115
1350,3.557765,10.37179,17.24549,7.570360829
1360,3.559421,10.37236,17.24583,7.569308684
1370,3.561089,10.37293,17.24618,7.56824968
1380,3.562769,10.37351,17.24652,7.567183818
1390,3.564466,10.37409,17.24687,7.566111097
1400,3.566167,10.37467,17.24722,7.565031517
1410,3.56788,10.37526,17.24757,7.563945078
1420,3.569605,10.37586,17.24793,7.562851781
1430,3.571342,10.37645,17.24829,7.561751625
1440,3.57309,10.37706,17.24865,7.56064461
1450,3.574848,10.37766,17.24902,7.559530737
1460,3.576619,10.37827,17.24939,7.558410004
1470,3.578404,10.37889,17.24976,7.557282414
1480,3.580197,10.37951,17.25013,7.556147964
1490,3.582002,10.38013,17.25051,7.555006656
1500,3.583818,10.38076,17.25089,7.553858489
1510,3.585645,10.38139,17.25127,7.552703463
1520,3.58748,10.38203,17.25165,7.551541578
1530,3.58933,10.38268,17.25203,7.550372835
1540,3.59119,10.38332,17.25242,7.549197233
1550,3.593062,10.38397,17.25281,7.548014773
1560,3.594948,10.38461,17.2532,7.546825453
1570,3.596843,10.38527,17.25359,7.545629275
1580,3.598744,10.38593,17.25399,7.544426238
1590,3.600661,10.38659,17.25439,7.543216343
1600,3.602589,10.38726,17.25479,7.541999589
1610,3.604527,10.38793,17.25519,7.540775976
1620,3.606475,10.38861,17.2556,7.539545504
1630,3.608436,10.38929,17.25601,7.538308174
1640,3.610411,10.38997,17.25642,7.537063985
1650,3.612389,10.39066,17.25684,7.535812937
1660,3.614384,10.39135,17.25726,7.53455503
1670,3.616391,10.39205,17.25768,7.533290265
1680,3.618402,10.39275,17.2581,7.532018641
1690,3.620431,10.39345,17.25853,7.530740158
1700,3.622465,10.39416,17.25896,7.529454817
1710,3.624515,10.39488,17.25939,7.528162617
1720,3.626577,10.39559,17.25982,7.526863558
1730,3.628642,10.39632,17.26025,7.525557641
1740,3.630726,10.39704,17.26069,7.524244864
1750,3.632813,10.39777,17.26113,7.522925229
1760,3.634913,10.39851,17.26157,7.521598736
1770,3.637028,10.39925,17.26201,7.520265383
1780,3.63915,10.39999,17.26246,7.518925172
1790,3.641287,10.40073,17.26291,7.517578102
1800,3.643429,10.40149,17.26336,7.516224174
1810,3.645583,10.40224,17.26382,7.514863386
1820,3.647752,10.403,17.26427,7.51349574
1830,3.649927,10.40376,17.26473,7.512121236
1840,3.652113,10.40453,17.2652,7.510739872
1850,3.654314,10.4053,17.26566,7.50935165
1860,3.656521,10.40608,17.26613,7.507956569
1870,3.658739,10.40686,17.2666,7.50655463
1880,3.660967,10.40765,17.26707,7.505145831
1890,3.663211,10.40844,17.26754,7.503730174
1900,3.665461,10.40923,17.26802,7.502307659
1910,3.667721,10.41003,17.2685,7.500878284
1920,3.669992,10.41083,17.26899,7.499442051
1930,3.672273,10.41163,17.26947,7.497998959
1940,3.674565,10.41244,17.26996,7.496549009
1950,3.676873,10.41325,17.27045,7.495092199
1960,3.679185,10.41407,17.27095,7.493628531
1970,3.681509,10.41489,17.27144,7.492158005
1980,3.683842,10.41572,17.27194,7.490680619
1990,3.686186,10.41654,17.27244,7.489196375
2000,3.688541,10.41738,17.27294,7.487705272
2010,3.690906,10.41821,17.27345,7.48620731
2020,3.693281,10.41906,17.27395,7.48470249
2030,3.695667,10.4199,17.27446,7.483190811
2040,3.698057,10.42075,17.27497,7.481672273
2050,3.700464,10.42161,17.27549,7.480146877
2060,3.70288,10.42246,17.276,7.478614622
2070,3.705307,10.42332,17.27653,7.477075508
2080,3.707744,10.42419,17.27705,7.475529535
2090,3.710192,10.42506,17.27757,7.473976704
2100,3.712644,10.42594,17.2781,7.472417014
2110,3.715112,10.42681,17.27863,7.470850465
2120,3.71759,10.4277,17.27916,7.469277057
2130,3.720078,10.42858,17.2797,7.467696791
2140,3.722571,10.42947,17.28024,7.466109666
2150,3.725077,10.43037,17.28078,7.464515683
2160,3.727594,10.43127,17.28132,7.46291484
2170,3.73012,10.43217,17.28186,7.461307139
2180,3.732657,10.43308,17.28241,7.459692579
2190,3.735204,10.43399,17.28296,7.458071161
2200,3.73776,10.4349,17.28351,7.456442884
2210,3.740327,10.43582,17.28407,7.454807748
2220,3.742903,10.43675,17.28463,7.453165753
2230,3.745489,10.43768,17.28519,7.4515169
2240,3.748085,10.43861,17.28575,7.449861188
2250,3.75069,10.43954,17.28632,7.448198617
2260,3.753306,10.44049,17.28689,7.446529187
2270,3.755931,10.44143,17.28746,7.444852899
2280,3.758566,10.44238,17.28803,7.443169752
2290,3.761211,10.44333,17.2886,7.441479746
2300,3.763865,10.44429,17.28918,7.439782882
2310,3.766529,10.44525,17.28976,7.438079159
2320,3.769203,10.44621,17.29034,7.436368577
2330,3.771886,10.44718,17.29093,7.434651136
2340,3.774579,10.44815,17.29152,7.432926837
2350,3.777282,10.44913,17.29211,7.431195679
2360,3.779994,10.45011,17.2927,7.429457663
2370,3.782716,10.4511,17.29329,7.427712787
2380,3.785447,10.45209,17.29389,7.425961053
2390,3.788188,10.45308,17.29449,7.42420246
2400,3.790938,10.45408,17.29509,7.422437009
2410,3.793698,10.45508,17.2957,7.420664698
2420,3.796467,10.45608,17.29631,7.418885529
2430,3.799246,10.45709,17.29692,7.417099502
2440,3.802034,10.45811,17.29753,7.415306615
2450,3.804832,10.45912,17.29815,7.41350687
2460,3.807638,10.46015,17.29876,7.411700266
2470,3.810455,10.46117,17.29938,7.409886804
2480,3.81328,10.4622,17.3,7.408066482
2490,3.816115,10.46323,17.30063,7.406239302
2500,3.818959,10.46426,17.30126,7.404405263
2510,3.821812,10.46531,17.30189,7.402564366
2520,3.824675,10.46635,17.30253,7.40071661
2530,3.827547,10.4674,17.30317,7.398861995
2540,3.830428,10.46846,17.30382,7.397000521
2550,3.833318,10.46952,17.30446,7.395132189
2560,3.836218,10.47058,17.3051,7.393256998
2570,3.839126,10.47164,17.30575,7.391374948
2580,3.842044,10.47271,17.30639,7.38948604
2590,3.844971,10.47379,17.30704,7.387590273
2600,3.847907,10.47487,17.30769,7.385687647
2610,3.850852,10.47595,17.30834,7.383778162
2620,3.853806,10.47703,17.309,7.381861819
2630,3.856769,10.47813,17.30966,7.379938617
2640,3.85974,10.47922,17.31032,7.378008556
2650,3.862721,10.48032,17.31099,7.376071636
2660,3.865711,10.48142,17.31165,7.374127858
2670,3.86871,10.48253,17.31232,7.372177221
2680,3.871718,10.48364,17.31299,7.370219726
2690,3.874735,10.48475,17.31367,7.368255371
2700,3.87776,10.48587,17.31434,7.366284158
2710,3.880795,10.487,17.31502,7.364306087
2720,3.883838,10.48812,17.3157,7.362321156
2730,3.88689,10.48926,17.31639,7.360329367
2740,3.889951,10.49039,17.31708,7.358330719
2750,3.893021,10.49153,17.31776,7.356325212
2760,3.896099,10.49268,17.31846,7.354312847
2770,3.899186,10.49382,17.31915,7.352293623
2780,3.902282,10.49497,17.31985,7.35026754
2790,3.905386,10.49612,17.32055,7.348234598
2800,3.908499,10.49728,17.32125,7.346194798
2810,3.911621,10.49844,17.32195,7.344148139
2820,3.914752,10.49961,17.32266,7.342094622
2830,3.917891,10.50078,17.32337,7.340034245
2840,3.921038,10.50196,17.32408,7.33796701
2850,3.924195,10.50314,17.32479,7.335892916
2860,3.927359,10.50432,17.32551,7.333811964
2870,3.930532,10.50551,17.32623,7.331724152
2880,3.933714,10.5067,17.32695,7.329629482
2890,3.936904,10.50789,17.32768,7.327527954
2900,3.940103,10.50909,17.3284,7.325419566
2910,3.94331,10.51029,17.32913,7.32330432
2920,3.946526,10.51149,17.32986,7.321182215
2930,3.94975,10.51271,17.3306,7.319053252
2940,3.952982,10.51392,17.33134,7.31691743
2950,3.956223,10.51514,17.33208,7.314774749
2960,3.959471,10.51637,17.33282,7.312625209
2970,3.962729,10.51759,17.33356,7.31046881
2980,3.965995,10.51882,17.33431,7.308305553
2990,3.969269,10.52006,17.33506,7.306135437
3000,3.972551,10.52129,17.33581,7.303958463
3010,3.975841,10.52254,17.33657,7.30177463
3020,3.97914,10.52378,17.33732,7.299583938
3030,3.982446,10.52504,17.33808,7.297386387
3040,3.985761,10.52629,17.33884,7.295181977
3050,3.989084,10.52755,17.33961,7.292970709
3060,3.992416,10.52881,17.34037,7.290752582
3070,3.995755,10.53008,17.34114,7.288527597
3080,3.999103,10.53135,17.34191,7.286295753
3090,4.002458,10.53262,17.34269,7.28405705
3100,4.005822,10.53391,17.34346,7.281811488
3110,4.009193,10.53519,17.34425,7.279559067
3120,4.012573,10.53648,17.34503,7.277299788
3130,4.01596,10.53777,17.34582,7.27503365
3140,4.019356,10.53906,17.34661,7.272760654
3150,4.022759,10.54036,17.3474,7.270480798
3160,4.026171,10.54166,17.34819,7.268194084
3170,4.029591,10.54297,17.34898,7.265900512
3180,4.033018,10.54428,17.34978,7.26360008
3190,4.036453,10.5456,17.35058,7.26129279
3200,4.039896,10.54692,17.35138,7.258978641
3210,4.043346,10.54824,17.35218,7.256657633
3220,4.046805,10.54957,17.35299,7.254329767
3230,4.050272,10.55089,17.35379,7.251995042
3240,4.053746,10.55222,17.3546,7.249653458
3250,4.057228,10.55356,17.35542,7.247305016
3260,4.060717,10.55491,17.35624,7.244949714
3270,4.064214,10.55626,17.35705,7.242587554
3280,4.06772,10.5576,17.35788,7.240218536
3290,4.071232,10.55896,17.3587,7.237842658
3300,4.074753,10.56031,17.35953,7.235459922
3310,4.078281,10.56167,17.36035,7.233070328
3320,4.081816,10.56304,17.36118,7.230673874
3330,4.08536,10.56441,17.36202,7.228270562
3340,4.08891,10.56579,17.36285,7.225860391
3350,4.092469,10.56716,17.36369,7.223443361
3360,4.096035,10.56854,17.36453,7.221019473
3370,4.099608,10.56993,17.36537,7.218588726
3380,4.103189,10.57132,17.36622,7.21615112
3390,4.106777,10.57271,17.36707,7.213706655
3400,4.110373,10.57411,17.36792,7.211255332
3410,4.113976,10.57551,17.36877,7.20879715
3420,4.117587,10.57691,17.36963,7.20633211
3430,4.121204,10.57832,17.37048,7.20386021
3440,4.124829,10.57974,17.37134,7.201381452
3450,4.128462,10.58115,17.37221,7.198895835
3460,4.132102,10.58257,17.37307,7.19640336
3470,4.13575,10.584,17.37394,7.193904025
3480,4.139405,10.58543,17.37481,7.191397832
3490,4.143066,10.58686,17.37568,7.188884781
3500,4.146736,10.58831,17.37656,7.18636487
3510,4.150413,10.58975,17.37744,7.183838101
3520,4.154096,10.59119,17.37832,7.181304473
3530,4.157787,10.59264,17.3792,7.178763987
3540,4.161485,10.59409,17.38008,7.176216642
3550,4.16519,10.59554,17.38097,7.173662438
3560,4.168902,10.597,17.38186,7.171101375
3570,4.172622,10.59846,17.38275,7.168533453
3580,4.176349,10.59993,17.38365,7.165958673
3590,4.180082,10.60141,17.38454,7.163377034
3600,4.183823,10.60288,17.38544,7.160788537
3610,4.187571,10.60436,17.38634,7.15819318
3620,4.191326,10.60584,17.38725,7.155590965
3630,4.195087,10.60733,17.38816,7.152981892
3640,4.198856,10.60882,17.38907,7.150365959
3650,4.202632,10.61032,17.38998,7.147743168
3660,4.206415,10.61182,17.3909,7.145113518
3670,4.210204,10.61332,17.39181,7.14247701
3680,4.214001,10.61483,17.39273,7.139833642
3690,4.217804,10.61634,17.39365,7.137183416
3700,4.221614,10.61785,17.39458,7.134526332
3710,4.225432,10.61937,17.39551,7.131862388
3720,4.229256,10.62089,17.39644,7.129191586
3730,4.233087,10.62242,17.39737,7.126513925
3740,4.236925,10.62395,17.3983,7.123829405
3750,4.240769,10.62548,17.39924,7.121138027
3760,4.24462,10.62702,17.40018,7.11843979
3770,4.248478,10.62856,17.40112,7.115734694
3780,4.252343,10.6301,17.40207,7.11302274
3790,4.256215,10.63165,17.40301,7.110303927
3800,4.260093,10.63321,17.40396,7.107578255
3810,4.263978,10.63476,17.40491,7.104845724
3820,4.267869,10.63632,17.40587,7.102106335
3830,4.271767,10.63789,17.40682,7.099360087
3840,4.275672,10.63946,17.40778,7.09660698
3850,4.279583,10.64104,17.40874,7.093847014
3860,4.283501,10.64262,17.40971,7.09108019
3870,4.287425,10.6442,17.41068,7.088306507
3880,4.291357,10.64578,17.41164,7.085525965
3890,4.295294,10.64737,17.41261,7.082738565
3900,4.299238,10.64896,17.41359,7.079944306
3910,4.303189,10.65055,17.41456,7.077143188
3920,4.307145,10.65215,17.41554,7.074335212
3930,4.311109,10.65375,17.41652,7.071520376
3940,4.315079,10.65536,17.41751,7.068698682
3950,4.319056,10.65697,17.4185,7.06587013
3960,4.323038,10.65858,17.41948,7.063034718
3970,4.327027,10.6602,17.42048,7.060192448
3980,4.331023,10.66183,17.42147,7.05734332
3990,4.335024,10.66346,17.42246,7.054487332
4000,4.339033,10.66509,17.42346,7.051624486
4010,4.343048,10.66672,17.42446,7.048754781
4020,4.347068,10.66836,17.42546,7.045878217
4030,4.351096,10.67,17.42647,7.042994795
4040,4.355129,10.67165,17.42748,7.040104514
4050,4.359169,10.67329,17.42849,7.037207374
4060,4.363214,10.67495,17.4295,7.034303375
4070,4.367267,10.6766,17.43052,7.031392518
4080,4.371325,10.67826,17.43154,7.028474802
4090,4.375389,10.67993,17.43255,7.025550227
4100,4.37946,10.6816,17.43358,7.022618794
4110,4.383536,10.68327,17.4346,7.019680502
4120,4.387619,10.68494,17.43563,7.016735351
4130,4.391708,10.68662,17.43665,7.013783341
4140,4.395803,10.68831,17.43768,7.010824473
4150,4.399905,10.69,17.43871,7.007858746
4160,4.404012,10.6917,17.43975,7.00488616
4170,4.408125,10.6934,17.44079,7.001906716
4180,4.412244,10.6951,17.44183,6.998920413
4190,4.416369,10.6968,17.44287,6.995927251
4200,4.420501,10.6985,17.44392,6.99292723
4210,4.424638,10.70021,17.44497,6.989920351
4220,4.428782,10.70192,17.44602,6.986906613
4230,4.43293,10.70364,17.44708,6.983886016
4240,4.437085,10.70536,17.44813,6.980858561
4250,4.441246,10.70709,17.44919,6.977824246
4260,4.445413,10.70882,17.45025,6.974783074
4270,4.449586,10.71055,17.45132,6.971735042
4280,4.453764,10.71229,17.45238,6.968680152
4290,4.457949,10.71402,17.45345,6.965618403
4300,4.462139,10.71577,17.45452,6.962549795
4310,4.466335,10.71752,17.4556,6.959474328
4320,4.470537,10.71927,17.45667,6.956392003
4330,4.474745,10.72102,17.45775,6.953302819
4340,4.478958,10.72278,17.45883,6.950206777
4350,4.483177,10.72455,17.45992,6.947103875
4360,4.487401,10.72631,17.461,6.943994115
4370,4.491633,10.72808,17.46209,6.940877496
4380,4.495869,10.72986,17.46318,6.937754019
4390,4.500111,10.73164,17.46427,6.934623683
4400,4.504358,10.73342,17.46536,6.931486488
4410,4.508612,10.73521,17.46646,6.928342434
4420,4.512871,10.737,17.46756,6.925191522
4430,4.517136,10.7388,17.46866,6.922033751
4440,4.521405,10.74059,17.46977,6.918869121
4450,4.525681,10.74239,17.47088,6.915697632
4460,4.529962,10.7442,17.47199,6.912519285
4470,4.534249,10.74601,17.4731,6.909334079
4480,4.538541,10.74782,17.47422,6.906142015
4490,4.54284,10.74963,17.47534,6.902943091
4500,4.547142,10.75145,17.47646,6.899737309
4510,4.551451,10.75328,17.47758,6.896524668
4520,4.555765,10.75511,17.4787,6.893305169
4530,4.560085,10.75693,17.47983,6.89007881
4540,4.56441,10.75877,17.48096,6.886845594
4550,4.568741,10.7606,17.48209,6.883605518
4560,4.573077,10.76244,17.48323,6.880358583
4570,4.577419,10.76429,17.48437,6.87710479
4580,4.581765,10.76614,17.48551,6.873844139
4590,4.586118,10.76799,17.48665,6.870576628
4600,4.590476,10.76985,17.48779,6.867302259
4610,4.594838,10.77171,17.48894,6.864021031
4620,4.599206,10.77357,17.49008,6.860732944
4630,4.60358,10.77544,17.49123,6.857437999
4640,4.607958,10.77731,17.49238,6.854136194
4650,4.612343,10.77919,17.49353,6.850827532
4660,4.616732,10.78107,17.49469,6.84751201
4670,4.621126,10.78296,17.49585,6.84418963
4680,4.625526,10.78485,17.49701,6.840860391
4690,4.629931,10.78674,17.49818,6.837524293
4700,4.634342,10.78863,17.49935,6.834181337
4710,4.638756,10.79053,17.50052,6.830831521
4720,4.643177,10.79243,17.50169,6.827474848
4730,4.647603,10.79433,17.50287,6.824111315
4740,4.652034,10.79623,17.50405,6.820740924
4750,4.65647,10.79814,17.50523,6.817363674
4760,4.660911,10.80006,17.50641,6.813979565
4770,4.665357,10.80198,17.5076,6.810588598
4780,4.669808,10.80391,17.50879,6.807190771
4790,4.674265,10.80583,17.50998,6.803786087
4800,4.678726,10.80777,17.51117,6.800374543
4810,4.683193,10.8097,17.51236,6.796956141
4820,4.687664,10.81164,17.51355,6.79353088
4830,4.692141,10.81358,17.51475,6.79009876
4840,4.696622,10.81553,17.51595,6.786659781
4850,4.701108,10.81747,17.51715,6.783213944
4860,4.7056,10.81943,17.51835,6.779761248
4870,4.710096,10.82138,17.51956,6.776301694
4880,4.714597,10.82334,17.52077,6.77283528
4890,4.719103,10.82531,17.52199,6.769362008
4900,4.723614,10.82728,17.5232,6.765881877
4910,4.728131,10.82926,17.52443,6.762394888
4920,4.732651,10.83123,17.52565,6.75890104
4930,4.737176,10.83321,17.52687,6.755400333
4940,4.741707,10.83519,17.5281,6.751892767
4950,4.746243,10.83717,17.52932,6.748378343
4960,4.750783,10.83916,17.53055,6.74485706
4970,4.755328,10.84115,17.53178,6.741328918
4980,4.759878,10.84315,17.53302,6.737793918
4990,4.764433,10.84516,17.53425,6.734252058
5000,4.768991,10.84717,17.53549,6.73070334
5010,4.773557,10.84917,17.53673,
5020,4.778125,10.85118,17.53798,
5030,4.782698,10.85319,17.53922,
5040,4.787277,10.85521,17.54047,
5050,4.79186,10.85723,17.54173,
5060,4.796448,10.85926,17.54298,
5070,4.80104,10.86129,17.54424,
5080,4.805638,10.86332,17.5455,
5090,4.810239,10.86536,17.54676,
5100,4.814846,10.86739,17.54802,
5110,4.819456,10.86944,17.54929,
5120,4.824072,10.87149,17.55055,
5130,4.828692,10.87354,17.55182,
5140,4.833318,10.8756,17.55309,
5150,4.837947,10.87767,17.55437,
5160,4.84258,10.87973,17.55565,
5170,4.847219,10.88179,17.55694,
5180,4.851862,10.88386,17.55822,
5190,4.856509,10.88593,17.55951,
5200,4.861162,10.88801,17.5608,
5210,4.865818,10.89009,17.56209,
5220,4.870478,10.89218,17.56338,
5230,4.875144,10.89427,17.56467,
5240,4.879814,10.89635,17.56596,
5250,4.884489,10.89844,17.56726,
5260,4.889167,10.90053,17.56856,
5270,4.893849,10.90263,17.56986,
5280,4.898537,10.90474,17.57117,
5290,4.903229,10.90685,17.57248,
5300,4.907926,10.90897,17.5738,
5310,4.912627,10.91109,17.57512,
5320,4.917332,10.9132,17.57644,
5330,4.922041,10.91532,17.57776,
5340,4.926755,10.91745,17.57908,
5350,4.931473,10.91958,17.5804,
5360,4.936195,10.92172,17.58173,
5370,4.940922,10.92386,17.58305,
5380,4.945652,10.926,17.58438,
5390,4.950388,10.92814,17.58571,
5400,4.955127,10.93029,17.58704,
5410,4.959871,10.93244,17.58838,
5420,4.964619,10.93459,17.58972,
5430,4.969371,10.93675,17.59106,
5440,4.974126,10.93891,17.59241,
5450,4.978887,10.94108,17.59376,
5460,4.983651,10.94326,17.59511,
5470,4.988421,10.94543,17.59646,
5480,4.993194,10.9476,17.59781,
5490,4.997971,10.94978,17.59916,
5500,5.002751,10.95196,17.60052,
5510,5.007536,10.95415,17.60188,
5520,5.012327,10.95634,17.60324,
5530,5.01712,10.95854,17.60461,
5540,5.021917,10.96074,17.60598,
5550,5.026719,10.96294,17.60735,
5560,5.031526,10.96515,17.60872,
5570,5.036334,10.96735,17.6101,
5580,5.041148,10.96956,17.61147,
5590,5.045967,10.97178,17.61285,
5600,5.050788,10.974,17.61423,
5610,5.055614,10.97622,17.61562,
5620,5.060443,10.97844,17.61701,
5630,5.065278,10.98067,17.6184,
5640,5.070116,10.9829,17.61979,
5650,5.074957,10.98514,17.62119,
5660,5.079804,10.98739,17.62259,
5670,5.084652,10.98963,17.62398,
5680,5.089507,10.99188,17.62538,
5690,5.094363,10.99413,17.62679,
5700,5.099226,10.99638,17.62819,
5710,5.10409,10.99864,17.6296,
5720,5.10896,11.0009,17.63101,
5730,5.113833,11.00316,17.63242,
5740,5.11871,11.00543,17.63384,
5750,5.123591,11.0077,17.63526,
5760,5.128474,11.00998,17.63667,
5770,5.133363,11.01225,17.6381,
5780,5.138256,11.01453,17.63952,
5790,5.143151,11.01682,17.64095,
5800,5.148051,11.01911,17.64238,
5810,5.152956,11.0214,17.64382,
5820,5.157862,11.02369,17.64525,
5830,5.162773,11.026,17.6467,
5840,5.167687,11.02831,17.64814,
5850,5.172607,11.03062,17.64958,
5860,5.177529,11.03293,17.65103,
5870,5.182455,11.03524,17.65247,
5880,5.187384,11.03756,17.65392,
5890,5.192317,11.03988,17.65536,
5900,5.197256,11.0422,17.65681,
5910,5.202196,11.04453,17.65826,
5920,5.207141,11.04686,17.65972,
5930,5.212088,11.04919,17.66117,
5940,5.21704,11.05153,17.66264,
5950,5.221995,11.05387,17.6641,
5960,5.226954,11.05621,17.66557,
5970,5.231916,11.05856,17.66704,
5980,5.236883,11.06091,17.66852,
5990,5.241852,11.06326,17.66999,
6000,5.246826,11.06562,17.67147,
6010,5.251802,11.06798,17.67295,
6020,5.256783,11.07035,17.67443,
6030,5.261767,11.07272,17.67591,
6040,5.266755,11.07509,17.67739,
6050,5.271746,11.07746,17.67888,
6060,5.276741,11.07984,17.68037,
6070,5.28174,11.08223,17.68187,
6080,5.286741,11.08461,17.68337,
6090,5.291747,11.087,17.68487,
6100,5.296754,11.08939,17.68637,
6110,5.301766,11.09178,17.68787,
6120,5.306781,11.09417,17.68937,
6130,5.3118,11.09657,17.69088,
6140,5.316824,11.09898,17.69238,
6150,5.321848,11.10139,17.69389,
6160,5.326878,11.1038,17.69541,
6170,5.331911,11.10622,17.69692,
6180,5.336947,11.10864,17.69844,
6190,5.341986,11.11106,17.69996,
6200,5.347029,11.11349,17.70148,
6210,5.352075,11.11592,17.70301,
6220,5.357126,11.11836,17.70454,
6230,5.362177,11.12079,17.70607,
6240,5.367234,11.12323,17.7076,
6250,5.372293,11.12568,17.70914,
6260,5.377357,11.12813,17.71067,
6270,5.382424,11.13058,17.71221,
6280,5.387492,11.13303,17.71375,
6290,5.392565,11.13548,17.71529,
6300,5.397641,11.13793,17.71684,
6310,5.40272,11.14039,17.71839,
6320,5.407804,11.14286,17.71994,
6330,5.412889,11.14534,17.72149,
6340,5.41798,11.14781,17.72305,
6350,5.42307,11.15029,17.72461,
6360,5.428168,11.15277,17.72617,
6370,5.433265,11.15526,17.72773,
6380,5.438369,11.15774,17.72929,
6390,5.443472,11.16023,17.73086,
6400,5.448581,11.16273,17.73243,
6410,5.453692,11.16522,17.73401,
6420,5.458807,11.16771,17.73558,
6430,5.463927,11.17021,17.73716,
6440,5.469047,11.17272,17.73875,
6450,5.474171,11.17523,17.74033,
6460,5.479299,11.17775,17.74191,
6470,5.484429,11.18026,17.7435,
6480,5.489563,11.18278,17.74508,
6490,5.494699,11.1853,17.74667,
6500,5.49984,11.18783,17.74826,
6510,5.504982,11.19036,17.74986,
6520,5.51013,11.19289,17.75145,
6530,5.515278,11.19543,17.75305,
6540,5.52043,11.19797,17.75465,
6550,5.525586,11.20051,17.75625,
6560,5.530746,11.20306,17.75786,
6570,5.535905,11.20561,17.75947,
6580,5.54107,11.20816,17.76108,
6590,5.546237,11.21072,17.76269,
6600,5.551408,11.21328,17.76431,
6610,5.556581,11.21584,17.76593,
6620,5.561759,11.21841,17.76755,
6630,5.566937,11.22098,17.76917,
6640,5.57212,11.22355,17.7708,
6650,5.577306,11.22613,17.77243,
6660,5.582494,11.22871,17.77406,
6670,5.587686,11.23129,17.77569,
6680,5.59288,11.23388,17.77732,
6690,5.598077,11.23647,17.77896,
6700,5.603277,11.23906,17.7806,
6710,5.60848,11.24166,17.78224,
6720,5.613687,11.24425,17.78388,
6730,5.618896,11.24686,17.78552,
6740,5.624107,11.24946,17.78717,
6750,5.629323,11.25207,17.78882,
6760,5.63454,11.25468,17.79047,
6770,5.63976,11.2573,17.79213,
6780,5.644984,11.25992,17.79379,
6790,5.65021,11.26254,17.79544,
6800,5.65544,11.26517,17.79711,
6810,5.660672,11.26779,17.79877,
6820,5.665906,11.27043,17.80043,
6830,5.671146,11.27306,17.8021,
6840,5.676385,11.2757,17.80377,
6850,5.681628,11.27834,17.80544,
6860,5.686874,11.28098,17.80712,
6870,5.692123,11.28363,17.8088,
6880,5.697375,11.28628,17.81048,
6890,5.702631,11.28894,17.81216,
6900,5.707887,11.2916,17.81385,
6910,5.713147,11.29426,17.81554,
6920,5.71841,11.29692,17.81723,
6930,5.723675,11.29959,17.81893,
6940,5.728944,11.30226,17.82063,
6950,5.734215,11.30493,17.82233,
6960,5.739489,11.30761,17.82403,
6970,5.744767,11.31029,17.82573,
6980,5.750044,11.31297,17.82743,
6990,5.755326,11.31566,17.82913,
7000,5.760613,11.31835,17.83084,
7010,5.765899,11.32104,17.83254,
7020,5.771189,11.32374,17.83426,
7030,5.776481,11.32644,17.83597,
7040,5.781777,11.32914,17.83768,
7050,5.787075,11.33185,17.8394,
7060,5.792376,11.33456,17.84112,
7070,5.797679,11.33727,17.84284,
7080,5.802985,11.33998,17.84457,
7090,5.808294,11.3427,17.8463,
7100,5.813605,11.34542,17.84803,
7110,5.818919,11.34815,17.84976,
7120,5.824235,11.35088,17.85149,
7130,5.829555,11.35361,17.85323,
7140,5.834876,11.35634,17.85497,
7150,5.8402,11.35908,17.85671,
7160,5.845528,11.36182,17.85845,
7170,5.850857,11.36456,17.8602,
7180,5.856189,11.36731,17.86195,
7190,5.861524,11.37006,17.8637,
7200,5.86686,11.37282,17.86545,
7210,5.8722,11.37557,17.8672,
7220,5.877542,11.37833,17.86896,
7230,5.882887,11.38109,17.87072,
7240,5.888235,11.38386,17.87248,
7250,5.893585,11.38663,17.87424,
7260,5.898937,11.3894,17.87601,
7270,5.904292,11.39218,17.87778,
7280,5.909649,11.39496,17.87954,
7290,5.915009,11.39774,17.88132,
7300,5.920372,11.40052,17.88309,
7310,5.925736,11.40331,17.88487,
7320,5.931104,11.4061,17.88666,
7330,5.936474,11.4089,17.88844,
7340,5.941846,11.41169,17.89023,
7350,5.94722,11.41449,17.89202,
7360,5.952598,11.4173,17.89381,
7370,5.957977,11.4201,17.8956,
7380,5.963359,11.42292,17.89739,
7390,5.968744,11.42573,17.89919,
7400,5.974131,11.42854,17.90099,
7410,5.97952,11.43136,17.90279,
7420,5.984911,11.43419,17.90459,
7430,5.990306,11.43701,17.90639,
7440,5.995702,11.43984,17.9082,
7450,6.001101,11.44267,17.91001,
7460,6.006502,11.44551,17.91182,
7470,6.011906,11.44835,17.91364,
7480,6.017312,11.45119,17.91545,
7490,6.02272,11.45403,17.91727,
7500,6.028131,11.45688,17.91909,
7510,6.033544,11.45973,17.92091,
7520,6.03896,11.46258,17.92274,
7530,6.044377,11.46544,17.92456,
7540,6.049798,11.4683,17.92639,
7550,6.05522,11.47116,17.92822,
7560,6.060645,11.47403,17.93005,
7570,6.066072,11.47689,17.93189,
7580,6.071501,11.47977,17.93372,
7590,6.076933,11.48264,17.93556,
7600,6.082366,11.48552,17.9374,
7610,6.087803,11.4884,17.93925,
7620,6.093241,11.49128,17.94109,
7630,6.098682,11.49417,17.94294,
7640,6.104125,11.49706,17.94479,
7650,6.109571,11.49995,17.94665,
7660,6.115018,11.50285,17.9485,
7670,6.120468,11.50575,17.95036,
7680,6.12592,11.50865,17.95222,
7690,6.131374,11.51156,17.95409,
7700,6.136831,11.51447,17.95595,
7710,6.14229,11.51738,17.95782,
7720,6.14775,11.52029,17.95969,
7730,6.153214,11.52321,17.96156,
7740,6.158679,11.52613,17.96343,
7750,6.164147,11.52906,17.96531,
7760,6.169617,11.53198,17.96719,
7770,6.175089,11.53491,17.96907,
7780,6.180563,11.53785,17.97096,
7790,6.186039,11.54078,17.97285,
7800,6.191518,11.54372,17.97474,
7810,6.196999,11.54666,17.97663,
7820,6.202481,11.54961,17.97853,
7830,6.207966,11.55256,17.98042,
7840,6.213454,11.55551,17.98232,
7850,6.218943,11.55846,17.98421,
7860,6.224434,11.56142,17.98611,
7870,6.229928,11.56438,17.98801,
7880,6.235424,11.56734,17.98991,
7890,6.240921,11.57031,17.99182,
7900,6.246421,11.57328,17.99372,
7910,6.251924,11.57625,17.99563,
7920,6.257428,11.57922,17.99755,
7930,6.262934,11.5822,17.99946,
7940,6.268442,11.58518,18.00138,
7950,6.273952,11.58816,18.0033,
7960,6.279465,11.59115,18.00523,
7970,6.28498,11.59414,18.00715,
7980,6.290497,11.59713,18.00908,
7990,6.296015,11.60013,18.01101,
8000,6.301537,11.60313,18.01294,
8010,6.307059,11.60613,18.01488,
8020,6.312584,11.60914,18.01682,
8030,6.318111,11.61214,18.01875,
8040,6.32364,11.61515,18.02069,
8050,6.329171,11.61817,18.02264,
8060,6.334704,11.62119,18.02458,
8070,6.34024,11.6242,18.02653,
8080,6.345777,11.62723,18.02847,
8090,6.351315,11.63025,18.03042,
8100,6.356856,11.63328,18.03238,
8110,6.3624,11.63631,18.03433,
8120,6.367945,11.63935,18.03629,
8130,6.373492,11.64238,18.03825,
8140,6.379041,11.64542,18.04021,
8150,6.384593,11.64847,18.04218,
8160,6.390145,11.65151,18.04415,
8170,6.3957,11.65456,18.04613,
8180,6.401257,11.65762,18.0481,
8190,6.406816,11.66067,18.05008,
8200,6.412377,11.66373,18.05206,
8210,6.41794,11.66679,18.05403,
8220,6.423505,11.66985,18.05601,
8230,6.429072,11.67292,18.05799,
8240,6.43464,11.67599,18.05996,
8250,6.440211,11.67906,18.06195,
8260,6.445784,11.68214,18.06393,
8270,6.451358,11.68522,18.06593,
8280,6.456935,11.6883,18.06792,
8290,6.462513,11.69138,18.06992,
8300,6.468093,11.69447,18.07192,
8310,6.473675,11.69756,18.07393,
8320,6.479259,11.70065,18.07593,
8330,6.484845,11.70375,18.07794,
8340,6.490433,11.70685,18.07995,
8350,6.496023,11.70995,18.08195,
8360,6.501614,11.71305,18.08396,
8370,6.507207,11.71616,18.08597,
8380,6.512803,11.71927,18.08798,
8390,6.5184,11.72238,18.08999,
8400,6.523999,11.7255,18.09201,
8410,6.5296,11.72862,18.09403,
8420,6.535203,11.73174,18.09606,
8430,6.540807,11.73486,18.09809,
8440,6.546413,11.73799,18.10012,
8450,6.552022,11.74112,18.10215,
8460,6.557631,11.74426,18.10419,
8470,6.563243,11.74739,18.10622,
8480,6.568857,11.75053,18.10825,
8490,6.574472,11.75367,18.11028,
8500,6.58009,11.75682,18.11232,
8510,6.585709,11.75996,18.11437,
8520,6.59133,11.76311,18.11641,
8530,6.596952,11.76627,18.11846,
8540,6.602577,11.76942,18.12052,
8550,6.608203,11.77258,18.12257,
8560,6.613831,11.77575,18.12463,
8570,6.619461,11.77891,18.1267,
8580,6.625093,11.78208,18.12876,
8590,6.630726,11.78525,18.13082,
8600,6.636361,11.78842,18.13288,
8610,6.641998,11.7916,18.13494,
8620,6.647636,11.79478,18.13701,
8630,6.653277,11.79796,18.13907,
8640,6.658919,11.80114,18.14114,
8650,6.664563,11.80433,18.14321,
8660,6.670208,11.80752,18.14529,
8670,6.675856,11.81071,18.14737,
8680,6.681505,11.81391,18.14946,
8690,6.687156,11.81711,18.15154,
8700,6.692808,11.82031,18.15363,
8710,6.698462,11.82351,18.15572,
8720,6.704118,11.82672,18.1578,
8730,6.709776,11.82993,18.15989,
8740,6.715436,11.83314,18.16198,
8750,6.721097,11.83636,18.16407,
8760,6.726759,11.83958,18.16616,
8770,6.732423,11.8428,18.16825,
8780,6.73809,11.84602,18.17035,
8790,6.743757,11.84925,18.17246,
8800,6.749427,11.85248,18.17456,
8810,6.755098,11.85571,18.17668,
8820,6.760771,11.85895,18.17879,
8830,6.766445,11.86218,18.18091,
8840,6.772121,11.86542,18.18303,
8850,6.777799,11.86867,18.18514,
8860,6.783478,11.87191,18.18726,
8870,6.789159,11.87516,18.18938,
8880,6.794842,11.87841,18.1915,
8890,6.800527,11.88167,18.19362,
8900,6.806212,11.88493,18.19575,
8910,6.8119,11.88819,18.19788,
8920,6.817589,11.89145,18.20001,
8930,6.82328,11.89472,18.20215,
8940,6.828973,11.89798,18.20429,
8950,6.834667,11.90125,18.20643,
8960,6.840363,11.90453,18.20857,
8970,6.84606,11.90781,18.21072,
8980,6.851758,11.91109,18.21286,
8990,6.857459,11.91437,18.215,
9000,6.863161,11.91765,18.21715,
9010,6.868865,11.92094,18.21929,
9020,6.87457,11.92423,18.22144,
9030,6.880277,11.92752,18.2236,
9040,6.885985,11.93082,18.22575,
9050,6.891695,11.93412,18.22791,
9060,6.897407,11.93742,18.23008,
9070,6.90312,11.94072,18.23225,
9080,6.908834,11.94403,18.23442,
9090,6.914551,11.94734,18.23659,
9100,6.920269,11.95065,18.23876,
9110,6.925988,11.95397,18.24093,
9120,6.931709,11.95728,18.24311,
9130,6.937431,11.9606,18.24528,
9140,6.943155,11.96393,18.24746,
9150,6.948881,11.96725,18.24963,
9160,6.954607,11.97058,18.25181,
9170,6.960336,11.97391,18.254,
9180,6.966066,11.97725,18.25618,
9190,6.971798,11.98058,18.25837,
9200,6.977531,11.98392,18.26056,
9210,6.983266,11.98727,18.26276,
9220,6.989002,11.99061,18.26496,
9230,6.99474,11.99396,18.26716,
9240,7.000479,11.99731,18.26937,
9250,7.006219,12.00066,18.27157,
9260,7.011961,12.00402,18.27378,
9270,7.017705,12.00737,18.27598,
9280,7.02345,12.01073,18.27819,
9290,7.029197,12.0141,18.28039,
9300,7.034945,12.01747,18.2826,
9310,7.040694,12.02083,18.28482,
9320,7.046445,12.02421,18.28703,
9330,7.052198,12.02758,18.28925,
9340,7.057952,12.03096,18.29147,
9350,7.063707,12.03434,18.2937,
9360,7.069464,12.03772,18.29592,
9370,7.075222,12.0411,18.29814,
9380,7.080982,12.04449,18.30037,
9390,7.086743,12.04788,18.3026,
9400,7.092506,12.05127,18.30484,
9410,7.09827,12.05467,18.30708,
9420,7.104036,12.05807,18.30932,
9430,7.109803,12.06147,18.31156,
9440,7.115571,12.06487,18.31381,
9450,7.121341,12.06828,18.31606,
9460,7.127112,12.07169,18.3183,
9470,7.132885,12.0751,18.32055,
9480,7.138659,12.07851,18.3228,
9490,7.144434,12.08193,18.32505,
9500,7.150211,12.08535,18.3273,
9510,7.155989,12.08877,18.32956,
9520,7.161769,12.0922,18.33182,
9530,7.16755,12.09562,18.33408,
9540,7.173332,12.09905,18.33634,
9550,7.179116,12.10248,18.3386,
9560,7.184901,12.10592,18.34087,
9570,7.190688,12.10936,18.34314,
9580,7.196476,12.1128,18.34541,
9590,7.202265,12.11624,18.34768,
9600,7.208056,12.11969,18.34996,
9610,7.213849,12.12313,18.35224,
9620,7.219642,12.12659,18.35452,
9630,7.225437,12.13004,18.3568,
9640,7.231233,12.1335,18.35908,
9650,7.237031,12.13696,18.36136,
9660,7.242829,12.14042,18.36365,
9670,7.24863,12.14388,18.36594,
9680,7.254431,12.14735,18.36823,
9690,7.260234,12.15081,18.37053,
9700,7.266039,12.15429,18.37282,
9710,7.271844,12.15776,18.37513,
9720,7.277651,12.16124,18.37743,
9730,7.28346,12.16472,18.37974,
9740,7.289269,12.1682,18.38205,
9750,7.29508,12.17168,18.38436,
9760,7.300892,12.17517,18.38667,
9770,7.306706,12.17866,18.38899,
9780,7.312521,12.18215,18.3913,
9790,7.318337,12.18565,18.39361,
9800,7.324155,12.18914,18.39593,
9810,7.329974,12.19264,18.39825,
9820,7.335794,12.19615,18.40057,
9830,7.341615,12.19965,18.40289,
9840,7.347438,12.20316,18.40522,
9850,7.353262,12.20667,18.40754,
9860,7.359087,12.21018,18.40987,
9870,7.364914,12.2137,18.4122,
9880,7.370742,12.21722,18.41454,
9890,7.376571,12.22074,18.41687,
9900,7.382401,12.22426,18.41921,
9910,7.388233,12.22778,18.42155,
9920,7.394066,12.23131,18.42389,
9930,7.3999,12.23484,18.42624,
9940,7.405736,12.23838,18.42858,
9950,7.411573,12.24191,18.43093,
9960,7.417411,12.24545,18.43328,
9970,7.42325,12.24899,18.43563,
9980,7.429091,12.25253,18.43799,
9990,7.434933,12.25608,18.44035,
10000,7.440776,12.25963,18.44271,
10010,7.44662,12.26318,18.44507,
10020,7.452466,12.26673,18.44743,
10030,7.458313,12.27029,18.44979,
10040,7.46416,12.27385,18.45216,
10050,7.47001,12.27741,18.45453,
10060,7.47586,12.28097,18.4569,
10070,7.481712,12.28454,18.45927,
10080,7.487565,12.2881,18.46165,
10090,7.493419,12.29167,18.46403,
10100,7.499275,12.29525,18.46641,
10110,7.505131,12.29882,18.46879,
10120,7.510989,12.3024,18.47117,
10130,7.516848,12.30598,18.47356,
10140,7.522708,12.30957,18.47595,
10150,7.52857,12.31315,18.47833,
10160,7.534432,12.31674,18.48072,
10170,7.540296,12.32033,18.48311,
10180,7.546161,12.32392,18.4855,
10190,7.552027,12.32752,18.48789,
10200,7.557895,12.33112,18.49028,
10210,7.563763,12.33472,18.49268,
10220,7.569633,12.33832,18.49509,
10230,7.575504,12.34193,18.4975,
10240,7.581376,12.34554,18.4999,
10250,7.587249,12.34915,18.50232,
10260,7.593123,12.35276,18.50473,
10270,7.598999,12.35638,18.50715,
10280,7.604876,12.35999,18.50956,
10290,7.610754,12.36361,18.51198,
10300,7.616633,12.36724,18.5144,
10310,7.622513,12.37086,18.51682,
10320,7.628395,12.37449,18.51925,
10330,7.634277,12.37812,18.52168,
10340,7.640161,12.38175,18.52411,
10350,7.646046,12.38539,18.52654,
10360,7.651932,12.38903,18.52897,
10370,7.657819,12.39266,18.5314,
10380,7.663707,12.39631,18.53384,
10390,7.669597,12.39995,18.53628,
10400,7.675488,12.4036,18.53872,
10410,7.681379,12.40725,18.54117,
10420,7.687272,12.4109,18.54361,
10430,7.693166,12.41456,18.54606,
10440,7.699061,12.41821,18.54851,
10450,7.704957,12.42187,18.55096,
10460,7.710855,12.42554,18.55341,
10470,7.716753,12.4292,18.55586,
10480,7.722653,12.43287,18.55831,
10490,7.728554,12.43653,18.56076,
10500,7.734456,12.44021,18.56322,
10510,7.740357,12.44388,18.56568,
10520,7.746262,12.44756,18.56815,
10530,7.752167,12.45124,18.57062,
10540,7.758073,12.45492,18.57309,
10550,7.76398,12.4586,18.57556,
10560,7.769888,12.46229,18.57803,
10570,7.775798,12.46598,18.58051,
10580,7.781709,12.46967,18.58299,
10590,7.787621,12.47336,18.58547,
10600,7.793533,12.47706,18.58795,
10610,7.799447,12.48075,18.59043,
10620,7.805362,12.48445,18.59292,
10630,7.811278,12.48816,18.59541,
10640,7.817195,12.49186,18.5979,
10650,7.823113,12.49557,18.60039,
10660,7.829032,12.49928,18.60288,
10670,7.834953,12.50299,18.60537,
10680,7.840874,12.50671,18.60786,
10690,7.846797,12.51042,18.61036,
10700,7.85272,12.51414,18.61285,
10710,7.858644,12.51787,18.61535,
10720,7.86457,12.52159,18.61786,
10730,7.870497,12.52532,18.62037,
10740,7.876424,12.52905,18.62287,
10750,7.882353,12.53278,18.62539,
10760,7.888283,12.53651,18.6279,
10770,7.894214,12.54025,18.63041,
10780,7.900146,12.54399,18.63293,
10790,7.906078,12.54773,18.63545,
10800,7.912012,12.55147,18.63797,
10810,7.917947,12.55521,18.64049,
10820,7.923883,12.55896,18.64302,
10830,7.92982,12.56271,18.64554,
10840,7.935758,12.56646,18.64807,
10850,7.941697,12.57022,18.6506,
10860,7.947637,12.57398,18.65314,
10870,7.953578,12.57774,18.65567,
10880,7.95952,12.5815,18.65821,
10890,7.965463,12.58526,18.66075,
10900,7.971407,12.58903,18.66329,
10910,7.977353,12.5928,18.66583,
10920,7.983299,12.59657,18.66837,
10930,7.989246,12.60034,18.67092,
10940,7.995194,12.60412,18.67347,
10950,8.001143,12.6079,18.67602,
10960,8.007093,12.61168,18.67857,
10970,8.013044,12.61546,18.68113,
10980,8.018996,12.61924,18.68368,
10990,8.02495,12.62303,18.68624,
11000,8.030904,12.62682,18.6888,
11010,8.036859,12.63061,18.69136,
11020,8.042815,12.63441,18.69393,
11030,8.048772,12.6382,18.6965,
11040,8.054729,12.642,18.69906,
11050,8.060689,12.6458,18.70163,
11060,8.066649,12.64961,18.70421,
11070,8.07261,12.65341,18.70678,
11080,8.078572,12.65722,18.70936,
11090,8.084535,12.66103,18.71193,
11100,8.090499,12.66484,18.71451,
11110,8.096463,12.66866,18.7171,
11120,8.102429,12.67248,18.71968,
11130,8.108397,12.6763,18.72227,
11140,8.114364,12.68012,18.72485,
11150,8.120333,12.68394,18.72744,
11160,8.126303,12.68777,18.73004,
11170,8.132273,12.6916,18.73263,
11180,8.138245,12.69543,18.73523,
11190,8.144217,12.69926,18.73782,
11200,8.15019,12.7031,18.74042,
11210,8.156165,12.70693,18.74302,
11220,8.16214,12.71077,18.74563,
11230,8.168117,12.71462,18.74824,
11240,8.174093,12.71846,18.75084,
11250,8.180072,12.72231,18.75345,
11260,8.18605,12.72616,18.75606,
11270,8.192031,12.73001,18.75868,
11280,8.198011,12.73386,18.76129,
11290,8.203994,12.73772,18.76391,
11300,8.209976,12.74157,18.76653,
11310,8.215961,12.74543,18.76915,
11320,8.221945,12.7493,18.77177,
11330,8.22793,12.75316,18.7744,
11340,8.233916,12.75703,18.77703,
11350,8.239903,12.7609,18.77966,
11360,8.245892,12.76477,18.78229,
11370,8.251882,12.76864,18.78492,
11380,8.257872,12.77252,18.78756,
11390,8.263863,12.7764,18.79019,
11400,8.269855,12.78028,18.79283,
11410,8.275847,12.78416,18.79547,
11420,8.28184,12.78805,18.79811,
11430,8.287835,12.79193,18.80076,
11440,8.293831,12.79582,18.80341,
11450,8.299828,12.79971,18.80605,
11460,8.305824,12.80361,18.8087,
11470,8.311823,12.8075,18.81136,
11480,8.317822,12.8114,18.81401,
11490,8.323822,12.8153,18.81667,
11500,8.329823,12.8192,18.81933,
11510,8.335824,12.82311,18.82199,
11520,8.341827,12.82702,18.82465,
11530,8.34783,12.83092,18.82731,
11540,8.353834,12.83484,18.82998,
11550,8.359839,12.83875,18.83265,
11560,8.365846,12.84266,18.83532,
11570,8.371853,12.84658,18.83799,
11580,8.37786,12.8505,18.84066,
11590,8.383869,12.85442,18.84334,
11600,8.389879,12.85835,18.84601,
11610,8.395889,12.86228,18.84869,
11620,8.4019,12.8662,18.85138,
11630,8.407913,12.87014,18.85406,
11640,8.413926,12.87407,18.85674,
11650,8.41994,12.87801,18.85943,
11660,8.425955,12.88194,18.86212,
11670,8.43197,12.88588,18.86481,
11680,8.437986,12.88982,18.8675,
11690,8.444004,12.89377,18.8702,
11700,8.450022,12.89771,18.8729,
11710,8.45604,12.90166,18.8756,
11720,8.462061,12.90561,18.8783,
11730,8.468081,12.90957,18.881,
11740,8.474102,12.91352,18.8837,
11750,8.480124,12.91748,18.88641,
11760,8.486148,12.92144,18.88912,
11770,8.492172,12.9254,18.89183,
11780,8.498197,12.92936,18.89454,
11790,8.504222,12.93333,18.89725,
11800,8.510248,12.93729,18.89997,
11810,8.516276,12.94127,18.90269,
11820,8.522305,12.94524,18.90541,
11830,8.528333,12.94921,18.90813,
11840,8.534363,12.95319,18.91085,
11850,8.540394,12.95717,18.91358,
11860,8.546425,12.96115,18.91631,
11870,8.552457,12.96513,18.91904,
11880,8.55849,12.96911,18.92177,
11890,8.564524,12.9731,18.9245,
11900,8.570559,12.97709,18.92723,
11910,8.576594,12.98108,18.92997,
11920,8.58263,12.98508,18.93271,
11930,8.588668,12.98907,18.93545,
11940,8.594706,12.99307,18.9382,
11950,8.600744,12.99707,18.94094,
11960,8.606784,13.00107,18.94369,
11970,8.612824,13.00507,18.94644,
11980,8.618865,13.00908,18.94919,
11990,8.624907,13.01309,18.95194,
12000,8.630949,13.0171,18.95469,
12010,8.636992,13.02111,18.95745,
12020,8.643038,13.02513,18.96021,
12030,8.649082,13.02914,18.96297,
12040,8.655128,13.03316,18.96572,
12050,8.661175,13.03718,18.96849,
12060,8.667222,13.0412,18.97125,
12070,8.67327,13.04523,18.97402,
12080,8.679319,13.04926,18.97679,
12090,8.685369,13.05329,18.97956,
12100,8.69142,13.05732,18.98234,
12110,8.697471,13.06135,18.98511,
12120,8.703523,13.06539,18.98789,
12130,8.709576,13.06942,18.99067,
12140,8.71563,13.07346,18.99345,
12150,8.721684,13.07751,18.99623,
12160,8.727738,13.08155,18.99901,
12170,8.733794,13.0856,19.0018,
12180,8.739851,13.08964,19.00459,
12190,8.745909,13.09369,19.00738,
12200,8.751966,13.09775,19.01017,
12210,8.758026,13.1018,19.01296,
12220,8.764086,13.10586,19.01576,
12230,8.770146,13.10991,19.01856,
12240,8.776207,13.11397,19.02136,
12250,8.782269,13.11804,19.02416,
12260,8.788332,13.1221,19.02696,
12270,8.794396,13.12617,19.02977,
12280,8.80046,13.13024,19.03257,
12290,8.806525,13.13431,19.03538,
12300,8.812591,13.13838,19.03819,
12310,8.818657,13.14245,19.041,
12320,8.824724,13.14653,19.04382,
12330,8.830792,13.15061,19.04663,
12340,8.836861,13.15469,19.04945,
12350,8.84293,13.15877,19.05227,
12360,8.849,13.16286,19.05509,
12370,8.855071,13.16695,19.05792,
12380,8.861142,13.17103,19.06074,
12390,8.867215,13.17513,19.06357,
12400,8.873288,13.17922,19.0664,
12410,8.879362,13.18331,19.06923,
12420,8.885436,13.18741,19.07206,
12430,8.891512,13.19151,19.0749,
12440,8.897588,13.19561,19.07774,
12450,8.903664,13.19971,19.08057,
12460,8.909741,13.20382,19.08341,
12470,8.915819,13.20793,19.08626,
12480,8.921899,13.21203,19.0891,
12490,8.927978,13.21615,19.09195,
12500,8.934058,13.22026,19.0948,
12510,8.940139,13.22437,19.09764,
12520,8.94622,13.22849,19.1005,
12530,8.952303,13.23261,19.10335,
12540,8.958386,13.23673,19.1062,
12550,8.96447,13.24085,19.10906,
12560,8.970554,13.24498,19.11192,
12570,8.97664,13.24911,19.11478,
12580,8.982725,13.25324,19.11764,
12590,8.988811,13.25737,19.12051,
12600,8.9949,13.2615,19.12337,
12610,9.000988,13.26564,19.12624,
12620,9.007076,13.26978,19.12911,
12630,9.013165,13.27391,19.13198,
12640,9.019256,13.27806,19.13486,
12650,9.025347,13.2822,19.13774,
12660,9.031438,13.28634,19.14061,
12670,9.03753,13.29049,19.14349,
12680,9.043623,13.29464,19.14637,
12690,9.049716,13.29879,19.14926,
12700,9.055811,13.30294,19.15214,
12710,9.061906,13.3071,19.15503,
12720,9.068002,13.31125,19.15792,
12730,9.074098,13.31541,19.16081,
12740,9.080194,13.31958,19.1637,
12750,9.086292,13.32374,19.16659,
12760,9.09239,13.3279,19.16949,
12770,9.098489,13.33207,19.17238,
12780,9.104589,13.33624,19.17528,
12790,9.110689,13.34041,19.17818,
12800,9.116791,13.34458,19.18109,
12810,9.122892,13.34876,19.18399,
12820,9.128994,13.35293,19.1869,
12830,9.135098,13.35711,19.18981,
12840,9.141201,13.36129,19.19272,
12850,9.147305,13.36548,19.19563,
12860,9.153411,13.36966,19.19855,
12870,9.159516,13.37385,19.20146,
12880,9.165622,13.37804,19.20438,
12890,9.171729,13.38223,19.2073,
12900,9.177837,13.38642,19.21022,
12910,9.183946,13.39061,19.21314,
12920,9.190054,13.39481,19.21607,
12930,9.196163,13.39901,19.219,
12940,9.202273,13.40321,19.22193,
12950,9.208384,13.40741,19.22486,
12960,9.214495,13.41161,19.22779,
12970,9.220608,13.41582,19.23072,
12980,9.22672,13.42002,19.23366,
12990,9.232834,13.42423,19.23659,
13000,9.238948,13.42844,19.23953,
13010,9.245062,13.43266,19.24247,
13020,9.251178,13.43687,19.24542,
13030,9.257295,13.44109,19.24836,
13040,9.263411,13.44531,19.25131,
13050,9.269527,13.44953,19.25426,
13060,9.275646,13.45375,19.25721,
13070,9.281764,13.45798,19.26016,
13080,9.287884,13.4622,19.26311,
13090,9.294003,13.46643,19.26607,
13100,9.300123,13.47066,19.26903,
13110,9.306246,13.4749,19.27199,
13120,9.312367,13.47913,19.27495,
13130,9.318489,13.48337,19.27791,
13140,9.324613,13.48761,19.28088,
13150,9.330736,13.49185,19.28384,
13160,9.33686,13.49609,19.28681,
13170,9.342985,13.50033,19.28978,
13180,9.34911,13.50458,19.29276,
13190,9.355237,13.50883,19.29573,
13200,9.361363,13.51307,19.2987,
13210,9.36749,13.51733,19.30168,
13220,9.373619,13.52158,19.30466,
13230,9.379746,13.52583,19.30764,
13240,9.385876,13.53009,19.31062,
13250,9.392007,13.53435,19.31361,
13260,9.398136,13.53861,19.31659,
13270,9.404267,13.54288,19.31958,
13280,9.410398,13.54714,19.32257,
13290,9.416531,13.55141,19.32557,
13300,9.422664,13.55567,19.32856,
13310,9.428797,13.55994,19.33155,
13320,9.434931,13.56421,19.33455,
13330,9.441065,13.56849,19.33755,
13340,9.447201,13.57276,19.34055,
13350,9.453336,13.57704,19.34355,
13360,9.459474,13.58132,19.34656,
13370,9.46561,13.5856,19.34956,
13380,9.471746,13.58989,19.35257,
13390,9.477886,13.59417,19.35558,
13400,9.484024,13.59846,19.35859,
13410,9.490164,13.60275,19.3616,
13420,9.496304,13.60704,19.36462,
13430,9.502444,13.61133,19.36764,
13440,9.508585,13.61562,19.37066,
13450,9.514728,13.61992,19.37367,
13460,9.520869,13.62422,19.3767,
13470,9.527013,13.62852,19.37972,
13480,9.533155,13.63282,19.38275,
13490,9.539301,13.63712,19.38577,
13500,9.545444,13.64143,19.3888,
13510,9.551591,13.64573,19.39183,
13520,9.557735,13.65004,19.39487,
13530,9.563883,13.65435,19.3979,
13540,9.570028,13.65867,19.40094,
13550,9.576178,13.66298,19.40397,
13560,9.582325,13.6673,19.40701,
13570,9.588474,13.67161,19.41006,
13580,9.594623,13.67593,19.4131,
13590,9.600773,13.68026,19.41615,
13600,9.606923,13.68458,19.41919,
13610,9.613074,13.6889,19.42224,
13620,9.619226,13.69323,19.42529,
13630,9.625379,13.69756,19.42834,
13640,9.63153,13.70189,19.43139,
13650,9.637685,13.70622,19.43445,
13660,9.643837,13.71056,19.43751,
13670,9.649993,13.71489,19.44057,
13680,9.656146,13.71923,19.44363,
13690,9.662303,13.72357,19.44669,
13700,9.668458,13.72791,19.44975,
13710,9.674615,13.73226,19.45282,
13720,9.680773,13.7366,19.45589,
13730,9.68693,13.74095,19.45896,
13740,9.693089,13.7453,19.46203,
13750,9.699247,13.74965,19.4651,
13760,9.705407,13.754,19.46818,
13770,9.711567,13.75835,19.47125,
13780,9.717727,13.76271,19.47433,
13790,9.723887,13.76707,19.47741,
13800,9.730049,13.77143,19.4805,
13810,9.736214,13.77579,19.48358,
13820,9.742374,13.78015,19.48666,
13830,9.748539,13.78451,19.48975,
13840,9.754702,13.78888,19.49284,
13850,9.760866,13.79325,19.49593,
13860,9.767032,13.79762,19.49902,
13870,9.773196,13.80199,19.50212,
13880,9.779364,13.80636,19.50521,
13890,9.785528,13.81074,19.50831,
13900,9.791696,13.81511,19.51141,
13910,9.797865,13.81949,19.51451,
13920,9.804031,13.82387,19.51761,
13930,9.810202,13.82826,19.52072,
13940,9.816369,13.83264,19.52382,
13950,9.822538,13.83703,19.52693,
13960,9.828711,13.84142,19.53004,
13970,9.83488,13.84581,19.53315,
13980,9.841051,13.8502,19.53627,
13990,9.847224,13.85459,19.53938,
14000,9.853395,13.85898,19.5425,
14010,9.859568,13.86338,19.54562,
14020,9.865742,13.86778,19.54874,
14030,9.871915,13.87218,19.55186,
14040,9.878091,13.87658,19.55498,
14050,9.884265,13.88098,19.55811,
14060,9.890441,13.88539,19.56123,
14070,9.896618,13.88979,19.56436,
14080,9.902793,13.8942,19.56749,
14090,9.90897,13.89861,19.57063,
14100,9.915149,13.90302,19.57376,
14110,9.921326,13.90744,19.57689,
14120,9.927505,13.91185,19.58003,
14130,9.933684,13.91627,19.58317,
14140,9.939863,13.92069,19.58631,
14150,9.946043,13.92511,19.58945,
14160,9.952226,13.92953,19.5926,
14170,9.958405,13.93395,19.59575,
14180,9.964587,13.93838,19.59889,
14190,9.970769,13.94281,19.60204,
14200,9.976951,13.94724,19.60519,
14210,9.983134,13.95167,19.60835,
14220,9.989318,13.9561,19.6115,
14230,9.995503,13.96054,19.61466,
14240,10.00169,13.96497,19.61781,
14250,10.00787,13.96941,19.62097,
14260,10.01406,13.97385,19.62413,
14270,10.02024,13.97829,19.6273,
14280,10.02643,13.98273,19.63046,
14290,10.03262,13.98718,19.63363,
14300,10.03881,13.99162,19.6368,
14310,10.04499,13.99607,19.63997,
14320,10.05118,14.00052,19.64314,
14330,10.05737,14.00497,19.64631,
14340,10.06356,14.00943,19.64948,
14350,10.06975,14.01388,19.65266,
14360,10.07594,14.01834,19.65584,
14370,10.08214,14.02279,19.65902,
14380,10.08832,14.02725,19.6622,
14390,10.09452,14.03172,19.66539,
14400,10.10071,14.03618,19.66857,
14410,10.1069,14.04064,19.67176,
14420,10.1131,14.04511,19.67495,
14430,10.11929,14.04958,19.67814,
14440,10.12548,14.05405,19.68133,
14450,10.13168,14.05852,19.68452,
14460,10.13788,14.06299,19.68772,
14470,10.14407,14.06747,19.69092,
14480,10.15027,14.07194,19.69411,
14490,10.15646,14.07642,19.69731,
14500,10.16266,14.0809,19.70052,
14510,10.16886,14.08538,19.70372,
14520,10.17506,14.08987,19.70692,
14530,10.18126,14.09435,19.71013,
14540,10.18746,14.09884,19.71334,
14550,10.19366,14.10332,19.71655,
14560,10.19986,14.10781,19.71976,
14570,10.20606,14.11231,19.72298,
14580,10.21226,14.1168,19.72619,
14590,10.21846,14.12129,19.72941,
14600,10.22466,14.12579,19.73263,
14610,10.23087,14.13029,19.73585,
14620,10.23707,14.13479,19.73907,
14630,10.24327,14.13929,19.7423,
14640,10.24948,14.14379,19.74552,
14650,10.25568,14.14829,19.74875,
14660,10.26189,14.1528,19.75198,
14670,10.26809,14.15731,19.75521,
14680,10.2743,14.16182,19.75844,
14690,10.2805,14.16633,19.76167,
14700,10.28671,14.17084,19.76491,
14710,10.29292,14.17536,19.76815,
14720,10.29913,14.17987,19.77139,
14730,10.30534,14.18439,19.77463,
14740,10.31154,14.18891,19.77787,
14750,10.31775,14.19343,19.78111,
14760,10.32396,14.19795,19.78436,
14770,10.33017,14.20248,19.78761,
14780,10.33638,14.207,19.79086,
14790,10.34259,14.21153,19.79411,
14800,10.34881,14.21606,19.79736,
14810,10.35502,14.22059,19.80061,
14820,10.36123,14.22512,19.80387,
14830,10.36744,14.22966,19.80713,
14840,10.37366,14.23419,19.81038,
14850,10.37987,14.23873,19.81364,
14860,10.38608,14.24327,19.81691,
14870,10.3923,14.24781,19.82017,
14880,10.39851,14.25235,19.82344,
14890,10.40473,14.25689,19.8267,
14900,10.41094,14.26144,19.82997,
14910,10.41716,14.26598,19.83324,
14920,10.42338,14.27053,19.83652,
14930,10.42959,14.27508,19.83979,
14940,10.43581,14.27963,19.84307,
14950,10.44203,14.28419,19.84634,
14960,10.44825,14.28874,19.84962,
14970,10.45447,14.2933,19.8529,
14980,10.46069,14.29786,19.85618,
14990,10.46691,14.30241,19.85947,
15000,10.47313,14.30697,19.86275,
15010,10.47935,14.31154,19.86604,
15020,10.48557,14.3161,19.86933,
15030,10.49179,14.32067,19.87262,
15040,10.49801,14.32524,19.87591,
15050,10.50424,14.32981,19.87921,
15060,10.51046,14.33438,19.8825,
15070,10.51668,14.33895,19.8858,
15080,10.52291,14.34352,19.8891,
15090,10.52913,14.34809,19.8924,
15100,10.53535,14.35267,19.8957,
15110,10.54158,14.35725,19.899,
15120,10.5478,14.36183,19.90231,
15130,10.55403,14.36641,19.90561,
15140,10.56026,14.37099,19.90892,
15150,10.56648,14.37558,19.91223,
15160,10.57271,14.38017,19.91554,
15170,10.57894,14.38476,19.91886,
15180,10.58517,14.38935,19.92217,
15190,10.59139,14.39394,19.92549,
15200,10.59762,14.39853,19.92881,
15210,10.60385,14.40312,19.93213,
15220,10.61008,14.40772,19.93545,
15230,10.61631,14.41231,19.93877,
15240,10.62254,14.41691,19.9421,
15250,10.62877,14.42151,19.94542,
15260,10.635,14.42611,19.94875,
15270,10.64124,14.43072,19.95208,
15280,10.64747,14.43532,19.95541,
15290,10.6537,14.43993,19.95875,
15300,10.65993,14.44454,19.96208,
15310,10.66617,14.44915,19.96542,
15320,10.6724,14.45376,19.96875,
15330,10.67864,14.45837,19.97209,
15340,10.68487,14.46298,19.97543,
15350,10.69111,14.4676,19.97878,
15360,10.69734,14.47222,19.98212,
15370,10.70358,14.47684,19.98547,
15380,10.70981,14.48145,19.98881,
15390,10.71605,14.48608,19.99216,
15400,10.72229,14.4907,19.99551,
15410,10.72852,14.49533,19.99887,
15420,10.73476,14.49995,20.00222,
15430,10.741,14.50458,20.00558,
15440,10.74724,14.50921,20.00893,
15450,10.75348,14.51384,20.01229,
15460,10.75972,14.51847,20.01565,
15470,10.76596,14.5231,20.01901,
15480,10.7722,14.52774,20.02238,
15490,10.77844,14.53238,20.02574,
15500,10.78468,14.53702,20.02911,
15510,10.79092,14.54166,20.03248,
15520,10.79716,14.5463,20.03585,
15530,10.80341,14.55094,20.03922,
15540,10.80965,14.55559,20.04259,
15550,10.81589,14.56023,20.04597,
15560,10.82213,14.56488,20.04934,
15570,10.82838,14.56953,20.05272,
15580,10.83462,14.57418,20.0561,
15590,10.84087,14.57883,20.05948,
15600,10.84711,14.58348,20.06286,
15610,10.85336,14.58814,20.06625,
15620,10.8596,14.5928,20.06963,
15630,10.86585,14.59745,20.07302,
15640,10.8721,14.60211,20.07641,
15650,10.87834,14.60677,20.0798,
15660,10.88459,14.61143,20.08319,
15670,10.89084,14.6161,20.08659,
15680,10.89709,14.62076,20.08998,
15690,10.90334,14.62543,20.09338,
15700,10.90958,14.6301,20.09678,
15710,10.91583,14.63477,20.10018,
15720,10.92208,14.63944,20.10358,
15730,10.92833,14.64411,20.10699,
15740,10.93458,14.64879,20.11039,
15750,10.94083,14.65347,20.1138,
15760,10.94709,14.65814,20.1172,
15770,10.95334,14.66282,20.12062,
15780,10.95959,14.6675,20.12403,
15790,10.96584,14.67218,20.12744,
15800,10.97209,14.67686,20.13086,
15810,10.97835,14.68155,20.13427,
15820,10.9846,14.68623,20.13769,
15830,10.99085,14.69092,20.14111,
15840,10.99711,14.69561,20.14453,
15850,11.00336,14.7003,20.14795,
15860,11.00962,14.70499,20.15138,
15870,11.01587,14.70969,20.1548,
15880,11.02213,14.71438,20.15823,
15890,11.02839,14.71908,20.16166,
15900,11.03464,14.72378,20.16509,
15910,11.0409,14.72848,20.16852,
15920,11.04716,14.73318,20.17196,
15930,11.05341,14.73788,20.17539,
15940,11.05967,14.74258,20.17883,
15950,11.06593,14.74729,20.18226,
15960,11.07219,14.752,20.18571,
15970,11.07845,14.7567,20.18915,
15980,11.08471,14.76141,20.19259,
15990,11.09097,14.76612,20.19603,
16000,11.09723,14.77084,20.19948,
16010,11.10349,14.77555,20.20293,
16020,11.10975,14.78026,20.20638,
16030,11.11601,14.78498,20.20983,
16040,11.12227,14.7897,20.21328,
16050,11.12853,14.79442,20.21673,
16060,11.13479,14.79914,20.22019,
16070,11.14106,14.80386,20.22365,
16080,11.14732,14.80859,20.22711,
16090,11.15358,14.81331,20.23057,
16100,11.15985,14.81804,20.23403,
16110,11.16611,14.82277,20.23749,
16120,11.17238,14.82749,20.24096,
16130,11.17864,14.83223,20.24442,
16140,11.18491,14.83696,20.24789,
16150,11.19117,14.84169,20.25136,
16160,11.19744,14.84643,20.25483,
16170,11.2037,14.85116,20.2583,
16180,11.20997,14.8559,20.26178,
16190,11.21624,14.86064,20.26525,
16200,11.2225,14.86538,20.26873,
16210,11.22877,14.87012,20.27221,
16220,11.23504,14.87487,20.27569,
16230,11.24131,14.87961,20.27917,
16240,11.24757,14.88436,20.28265,
16250,11.25384,14.88911,20.28614,
16260,11.26011,14.89386,20.28963,
16270,11.26638,14.89861,20.29311,
16280,11.27265,14.90336,20.2966,
16290,11.27892,14.90811,20.30009,
16300,11.28519,14.91287,20.30359,
16310,11.29147,14.91762,20.30708,
16320,11.29774,14.92238,20.31057,
16330,11.30401,14.92714,20.31407,
16340,11.31028,14.9319,20.31757,
16350,11.31655,14.93666,20.32107,
16360,11.32282,14.94142,20.32457,
16370,11.3291,14.94619,20.32808,
16380,11.33537,14.95095,20.33158,
16390,11.34164,14.95572,20.33509,
16400,11.34792,14.96049,20.3386,
16410,11.35419,14.96526,20.34211,
16420,11.36047,14.97003,20.34562,
16430,11.36674,14.97481,20.34913,
16440,11.37302,14.97958,20.35265,
16450,11.37929,14.98436,20.35616,
16460,11.38557,14.98913,20.35968,
16470,11.39185,14.99391,20.3632,
16480,11.39812,14.99869,20.36672,
16490,11.4044,15.00347,20.37024,
16500,11.41068,15.00825,20.37376,
16510,11.41696,15.01304,20.37729,
16520,11.42323,15.01782,20.38082,
16530,11.42951,15.02261,20.38434,
16540,11.43579,15.0274,20.38787,
16550,11.44207,15.03219,20.39141,
16560,11.44835,15.03698,20.39494,
16570,11.45463,15.04177,20.39847,
16580,11.46091,15.04657,20.40201,
16590,11.46719,15.05136,20.40554,
16600,11.47347,15.05616,20.40908,
16610,11.47975,15.06095,20.41262,
16620,11.48603,15.06575,20.41616,
16630,11.49231,15.07055,20.41971,
16640,11.4986,15.07535,20.42325,
16650,11.50488,15.08016,20.4268,
16660,11.51116,15.08496,20.43035,
16670,11.51744,15.08977,20.43389,
16680,11.52373,15.09458,20.43744,
16690,11.53001,15.09938,20.441,
16700,11.53629,15.10419,20.44455,
16710,11.54258,15.109,20.4481,
16720,11.54886,15.11381,20.45166,
16730,11.55515,15.11863,20.45522,
16740,11.56143,15.12344,20.45878,
16750,11.56772,15.12826,20.46234,
16760,11.57401,15.13308,20.46591,
16770,11.58029,15.1379,20.46947,
16780,11.58658,15.14272,20.47304,
16790,11.59286,15.14754,20.4766,
16800,11.59915,15.15236,20.48017,
16810,11.60544,15.15719,20.48374,
16820,11.61173,15.16202,20.48732,
16830,11.61802,15.16684,20.49089,
16840,11.6243,15.17167,20.49446,
16850,11.63059,15.1765,20.49804,
16860,11.63688,15.18133,20.50162,
16870,11.64317,15.18616,20.5052,
16880,11.64946,15.191,20.50878,
16890,11.65575,15.19583,20.51236,
16900,11.66204,15.20067,20.51594,
16910,11.66833,15.20551,20.51953,
16920,11.67462,15.21035,20.52312,
16930,11.68091,15.21519,20.5267,
16940,11.6872,15.22003,20.53029,
16950,11.6935,15.22487,20.53388,
16960,11.69979,15.22972,20.53748,
16970,11.70608,15.23456,20.54107,
16980,11.71237,15.23941,20.54467,
16990,11.71867,15.24426,20.54826,
17000,11.72496,15.24911,20.55186,
17010,11.73125,15.25396,20.55546,
17020,11.73755,15.25881,20.55906,
17030,11.74384,15.26367,20.56267,
17040,11.75014,15.26852,20.56627,
17050,11.75643,15.27338,20.56988,
17060,11.76273,15.27823,20.57349,
17070,11.76902,15.28309,20.5771,
17080,11.77532,15.28795,20.58071,
17090,11.78161,15.29281,20.58432,
17100,11.78791,15.29768,20.58793,
17110,11.79421,15.30254,20.59155,
17120,11.8005,15.30741,20.59517,
17130,11.8068,15.31227,20.59878,
17140,11.8131,15.31714,20.6024,
17150,11.8194,15.32201,20.60602,
17160,11.82569,15.32688,20.60964,
17170,11.83199,15.33175,20.61327,
17180,11.83829,15.33663,20.61689,
17190,11.84459,15.3415,20.62052,
17200,11.85089,15.34637,20.62415,
17210,11.85719,15.35125,20.62778,
17220,11.86349,15.35613,20.63141,
17230,11.86979,15.36101,20.63504,
17240,11.87609,15.36589,20.63868,
17250,11.88239,15.37077,20.64231,
17260,11.88869,15.37566,20.64595,
17270,11.89499,15.38054,20.64959,
17280,11.90129,15.38542,20.65323,
17290,11.90759,15.39031,20.65687,
17300,11.9139,15.3952,20.66051,
17310,11.9202,15.40009,20.66416,
17320,11.9265,15.40498,20.6678,
17330,11.93281,15.40987,20.67145,
17340,11.93911,15.41477,20.6751,
17350,11.94541,15.41966,20.67875,
17360,11.95172,15.42456,20.6824,
17370,11.95802,15.42945,20.68605,
17380,11.96432,15.43435,20.68971,
17390,11.97063,15.43925,20.69337,
17400,11.97693,15.44415,20.69702,
17410,11.98324,15.44906,20.70068,
17420,11.98955,15.45396,20.70434,
17430,11.99585,15.45887,20.708,
17440,12.00216,15.46377,20.71167,
17450,12.00846,15.46868,20.71533,
17460,12.01477,15.47359,20.719,
17470,12.02108,15.47849,20.72267,
17480,12.02738,15.48341,20.72634,
17490,12.03369,15.48832,20.73001,
17500,12.04,15.49323,20.73368,
17510,12.04631,15.49815,20.73735,
17520,12.05262,15.50306,20.74103,
17530,12.05893,15.50798,20.74471,
17540,12.06523,15.5129,20.74838,
17550,12.07154,15.51782,20.75206,
17560,12.07785,15.52274,20.75574,
17570,12.08416,15.52767,20.75942,
17580,12.09047,15.53259,20.76311,
17590,12.09678,15.53751,20.76679,
17600,12.1031,15.54244,20.77048,
17610,12.10941,15.54736,20.77417,
17620,12.11572,15.55229,20.77785,
17630,12.12203,15.55722,20.78155,
17640,12.12834,15.56215,20.78524,
17650,12.13465,15.56708,20.78893,
17660,12.14096,15.57202,20.79263,
17670,12.14728,15.57695,20.79633,
17680,12.15359,15.58189,20.80002,
17690,12.1599,15.58683,20.80372,
17700,12.16622,15.59177,20.80742,
17710,12.17253,15.59671,20.81112,
17720,12.17884,15.60165,20.81483,
17730,12.18516,15.60659,20.81853,
17740,12.19147,15.61153,20.82224,
17750,12.19779,15.61648,20.82595,
17760,12.2041,15.62142,20.82966,
17770,12.21042,15.62637,20.83337,
17780,12.21673,15.63132,20.83708,
17790,12.22305,15.63626,20.8408,
17800,12.22936,15.64121,20.84451,
17810,12.23568,15.64617,20.84823,
17820,12.242,15.65112,20.85195,
17830,12.24831,15.65607,20.85567,
17840,12.25463,15.66103,20.85939,
17850,12.26095,15.66599,20.86311,
17860,12.26727,15.67094,20.86683,
17870,12.27358,15.6759,20.87056,
17880,12.2799,15.68086,20.87429,
17890,12.28622,15.68582,20.87802,
17900,12.29254,15.69079,20.88174,
17910,12.29886,15.69575,20.88548,
17920,12.30518,15.70072,20.88921,
17930,12.3115,15.70568,20.89294,
17940,12.31782,15.71065,20.89668,
17950,12.32414,15.71562,20.90041,
17960,12.33046,15.72059,20.90415,
17970,12.33678,15.72556,20.90789,
17980,12.3431,15.73053,20.91163,
17990,12.34942,15.7355,20.91537,
18000,12.35574,15.74048,20.91912,
18010,12.36206,15.74545,20.92286,
18020,12.36838,15.75043,20.92661,
18030,12.3747,15.75541,20.93035,
18040,12.38103,15.76039,20.9341,
18050,12.38735,15.76537,20.93785,
18060,12.39367,15.77035,20.9416,
18070,12.39999,15.77533,20.94536,
18080,12.40632,15.78032,20.94911,
18090,12.41264,15.7853,20.95287,
18100,12.41897,15.79029,20.95663,
18110,12.42529,15.79528,20.96039,
18120,12.43161,15.80026,20.96415,
18130,12.43794,15.80525,20.96791,
18140,12.44426,15.81024,20.97167,
18150,12.45059,15.81524,20.97544,
18160,12.45691,15.82023,20.9792,
18170,12.46324,15.82522,20.98297,
18180,12.46956,15.83022,20.98674,
18190,12.47589,15.83522,20.99051,
18200,12.48222,15.84022,20.99428,
18210,12.48854,15.84522,20.99805,
18220,12.49487,15.85022,21.00183,
18230,12.5012,15.85522,21.0056,
18240,12.50752,15.86022,21.00938,
18250,12.51385,15.86523,21.01316,
18260,12.52018,15.87023,21.01694,
18270,12.52651,15.87524,21.02072,
18280,12.53284,15.88025,21.02451,
18290,12.53916,15.88525,21.02829,
18300,12.54549,15.89026,21.03207,
18310,12.55182,15.89527,21.03586,
18320,12.55815,15.90028,21.03965,
18330,12.56448,15.9053,21.04344,
18340,12.57081,15.91031,21.04723,
18350,12.57714,15.91533,21.05102,
18360,12.58347,15.92034,21.05482,
18370,12.5898,15.92536,21.05861,
18380,12.59613,15.93038,21.06241,
18390,12.60246,15.9354,21.0662,
18400,12.60879,15.94042,21.07,
18410,12.61512,15.94545,21.0738,
18420,12.62146,15.95047,21.07761,
18430,12.62779,15.9555,21.08141,
18440,12.63412,15.96052,21.08522,
18450,12.64045,15.96555,21.08902,
18460,12.64678,15.97057,21.09283,
18470,12.65312,15.9756,21.09664,
18480,12.65945,15.98063,21.10045,
18490,12.66578,15.98567,21.10426,
18500,12.67212,15.9907,21.10807,
18510,12.67845,15.99573,21.11189,
18520,12.68478,16.00077,21.1157,
18530,12.69112,16.0058,21.11952,
18540,12.69745,16.01084,21.12334,
18550,12.70379,16.01588,21.12716,
18560,12.71012,16.02092,21.13098,
18570,12.71646,16.02596,21.1348,
18580,12.72279,16.031,21.13863,
18590,12.72913,16.03604,21.14245,
18600,12.73547,16.04109,21.14628,
18610,12.7418,16.04613,21.15011,
18620,12.74814,16.05118,21.15394,
18630,12.75447,16.05622,21.15777,
18640,12.76081,16.06128,21.1616,
18650,12.76715,16.06633,21.16544,
18660,12.77349,16.07138,21.16927,
18670,12.77982,16.07643,21.17311,
18680,12.78616,16.08148,21.17694,
18690,12.7925,16.08653,21.18078,
18700,12.79884,16.09159,21.18462,
18710,12.80517,16.09665,21.18847,
18720,12.81151,16.1017,21.19231,
18730,12.81785,16.10676,21.19615,
18740,12.82419,16.11182,21.2,
18750,12.83053,16.11688,21.20385,
18760,12.83687,16.12194,21.20769,
18770,12.84321,16.127,21.21154,
18780,12.84955,16.13207,21.21539,
18790,12.85589,16.13714,21.21925,
18800,12.86223,16.1422,21.2231,
18810,12.86857,16.14727,21.22695,
18820,12.87491,16.15234,21.23081,
18830,12.88125,16.15741,21.23467,
18840,12.88759,16.16248,21.23853,
18850,12.89394,16.16755,21.24239,
18860,12.90028,16.17262,21.24625,
18870,12.90662,16.17769,21.25012,
18880,12.91296,16.18277,21.25398,
18890,12.9193,16.18785,21.25785,
18900,12.92565,16.19292,21.26171,
18910,12.93199,16.198,21.26558,
18920,12.93833,16.20308,21.26945,
18930,12.94467,16.20816,21.27332,
18940,12.95102,16.21324,21.2772,
18950,12.95736,16.21833,21.28107,
18960,12.96371,16.22341,21.28495,
18970,12.97005,16.2285,21.28883,
18980,12.97639,16.23358,21.2927,
18990,12.98274,16.23867,21.29658,
19000,12.98908,16.24376,21.30046,
19010,12.99543,16.24885,21.30435,
19020,13.00177,16.25394,21.30823,
19030,13.00812,16.25903,21.31211,
19040,13.01446,16.26412,21.316,
19050,13.02081,16.26921,21.31989,
19060,13.02716,16.27431,21.32378,
19070,13.0335,16.27941,21.32767,
19080,13.03985,16.2845,21.33156,
19090,13.0462,16.2896,21.33545,
19100,13.05254,16.2947,21.33934,
19110,13.05889,16.2998,21.34324,
19120,13.06524,16.3049,21.34714,
19130,13.07158,16.31,21.35103,
19140,13.07793,16.31511,21.35493,
19150,13.08428,16.32021,21.35884,
19160,13.09063,16.32531,21.36274,
19170,13.09698,16.33042,21.36664,
19180,13.10333,16.33552,21.37055,
19190,13.10967,16.34063,21.37445,
19200,13.11602,16.34574,21.37836,
19210,13.12237,16.35085,21.38227,
19220,13.12872,16.35596,21.38618,
19230,13.13507,16.36108,21.39009,
19240,13.14142,16.36619,21.394,
19250,13.14777,16.37131,21.39791,
19260,13.15412,16.37642,21.40183,
19270,13.16047,16.38154,21.40575,
19280,13.16682,16.38666,21.40966,
19290,13.17318,16.39178,21.41358,
19300,13.17953,16.3969,21.4175,
19310,13.18588,16.40202,21.42142,
19320,13.19223,16.40714,21.42535,
19330,13.19858,16.41226,21.42927,
19340,13.20493,16.41739,21.4332,
19350,13.21128,16.42251,21.43713,
19360,13.21764,16.42764,21.44106,
19370,13.22399,16.43277,21.44499,
19380,13.23034,16.4379,21.44892,
19390,13.2367,16.44303,21.45285,
19400,13.24305,16.44816,21.45678,
19410,13.2494,16.45329,21.46072,
19420,13.25576,16.45842,21.46465,
19430,13.26211,16.46355,21.46859,
19440,13.26846,16.46869,21.47253,
19450,13.27482,16.47383,21.47647,
19460,13.28117,16.47896,21.48041,
19470,13.28753,16.4841,21.48435,
19480,13.29388,16.48924,21.4883,
19490,13.30024,16.49438,21.49224,
19500,13.30659,16.49952,21.49619,
19510,13.31295,16.50466,21.50014,
19520,13.3193,16.5098,21.50409,
19530,13.32566,16.51495,21.50804,
19540,13.33201,16.5201,21.51199,
19550,13.33837,16.52524,21.51594,
19560,13.34473,16.53039,21.5199,
19570,13.35108,16.53554,21.52385,
19580,13.35744,16.54069,21.52781,
19590,13.3638,16.54583,21.53176,
19600,13.37015,16.55098,21.53572,
19610,13.37651,16.55614,21.53969,
19620,13.38287,16.56129,21.54365,
19630,13.38923,16.56644,21.54761,
19640,13.39558,16.5716,21.55158,
19650,13.40194,16.57676,21.55555,
19660,13.4083,16.58192,21.55951,
19670,13.41466,16.58708,21.56348,
19680,13.42102,16.59224,21.56745,
19690,13.42738,16.59739,21.57142,
19700,13.43373,16.60255,21.5754,
19710,13.44009,16.60772,21.57937,
19720,13.44645,16.61288,21.58335,
19730,13.45281,16.61804,21.58732,
19740,13.45917,16.62321,21.5913,
19750,13.46553,16.62838,21.59528,
19760,13.47189,16.63354,21.59926,
19770,13.47825,16.63871,21.60324,
19780,13.48461,16.64388,21.60722,
19790,13.49098,16.64905,21.6112,
19800,13.49734,16.65422,21.61519,
19810,13.5037,16.6594,21.61917,
19820,13.51006,16.66457,21.62316,
19830,13.51642,16.66974,21.62715,
19840,13.52278,16.67492,21.63114,
19850,13.52914,16.6801,21.63514,
19860,13.53551,16.68528,21.63913,
19870,13.54187,16.69046,21.64312,
19880,13.54823,16.69563,21.64712,
19890,13.55459,16.70081,21.65112,
19900,13.56096,16.70599,21.65511,
19910,13.56732,16.71118,21.65911,
19920,13.57368,16.71636,21.66311,
19930,13.58005,16.72155,21.66711,
19940,13.58641,16.72673,21.67112,
19950,13.59277,16.73192,21.67512,
19960,13.59914,16.73711,21.67913,
19970,13.6055,16.74229,21.68314,
19980,13.61187,16.74748,21.68714,
19990,13.61823,16.75267,21.69115,
20000,13.6246,16.75786,21.69517,