interp_r,interp_d,interp_mp1,interp_mp2
0,0.4884602,1.465381,2.442301
10,0.4885055,1.465396,2.44231
20,0.488641,1.465441,2.442337
30,0.4888669,1.465516,2.442383
40,0.4891829,1.465622,2.442446
50,0.489589,1.465757,2.442527
60,0.4900848,1.465923,2.442627
70,0.4906701,1.466119,2.442744
80,0.4913446,1.466345,2.44288
90,0.4921079,1.466601,2.443033
100,0.4929596,1.466887,2.443205
110,0.4938993,1.467203,2.443395
120,0.4949264,1.467549,2.443603
130,0.4960404,1.467925,2.443828
140,0.4972407,1.468331,2.444072
150,0.4985267,1.468767,2.444334
160,0.4998977,1.469233,2.444614
170,0.5013531,1.469729,2.444912
180,0.5028921,1.470254,2.445228
190,0.504514,1.47081,2.445562
200,0.5062177,1.471395,2.445915
210,0.5080028,1.47201,2.446285
220,0.5098681,1.472655,2.446673
230,0.511813,1.47333,2.447079
240,0.5138366,1.474034,2.447503
250,0.5159377,1.474768,2.447945
260,0.5181155,1.475531,2.448405
270,0.520369,1.476324,2.448883
280,0.5226973,1.477146,2.449379
290,0.5250994,1.477998,2.449893
300,0.5275742,1.478879,2.450424
310,0.5301208,1.479789,2.450974
320,0.5327381,1.480729,2.451541
330,0.5354251,1.481698,2.452127
340,0.5381806,1.482696,2.452729
350,0.5410037,1.483723,2.453351
360,0.5438933,1.484779,2.453989
370,0.5468485,1.485864,2.454646
380,0.549868,1.486978,2.45532
390,0.5529509,1.488121,2.456013
400,0.5560961,1.489293,2.456723
410,0.5593026,1.490493,2.457451
420,0.5625692,1.491722,2.458196
430,0.565895,1.49298,2.45896
440,0.5692788,1.494266,2.459741
450,0.5727198,1.49558,2.46054
460,0.5762169,1.496923,2.461356
470,0.579769,1.498294,2.46219
480,0.5833752,1.499693,2.463042
490,0.5870343,1.501121,2.463911
500,0.5907455,1.502576,2.464798
510,0.5945078,1.504059,2.465703
520,0.5983202,1.505571,2.466625
530,0.6021819,1.50711,2.467564
540,0.6060916,1.508676,2.468522
550,0.6100487,1.510271,2.469496
560,0.6140522,1.511893,2.470489
570,0.6181011,1.513542,2.471498
580,0.6221946,1.515218,2.472526
590,0.6263318,1.516922,2.47357
600,0.6305119,1.518653,2.474632
610,0.6347339,1.520411,2.475711
620,0.6389972,1.522197,2.476808
630,0.6433008,1.524009,2.477922
640,0.6476439,1.525847,2.479053
650,0.6520257,1.527712,2.480202
660,0.6564455,1.529604,2.481368
670,0.6609025,1.531523,2.482551
680,0.665396,1.533468,2.483751
690,0.6699253,1.535439,2.484969
700,0.6744894,1.537437,2.486203
710,0.6790879,1.53946,2.487455
720,0.68372,1.54151,2.488724
730,0.688385,1.543585,2.49001
740,0.6930823,1.545686,2.491313
750,0.6978111,1.547813,2.492634
760,0.702571,1.549965,2.493971
770,0.7073611,1.552143,2.495325
780,0.712181,1.554346,2.496696
790,0.7170299,1.556575,2.498084
800,0.7219075,1.558828,2.499489
810,0.726813,1.561107,2.500911
820,0.7317458,1.563411,2.502349
830,0.7367054,1.565739,2.503805
840,0.7416915,1.568092,2.505277
850,0.7467033,1.57047,2.506766
860,0.7517402,1.572872,2.508271
870,0.756802,1.575298,2.509794
880,0.761888,1.577749,2.511333
890,0.7669977,1.580224,2.512888
900,0.7721308,1.582723,2.514461
910,0.7772866,1.585246,2.516049
920,0.7824649,1.587792,2.517655
930,0.7876652,1.590363,2.519277
940,0.7928869,1.592956,2.520915
950,0.7981296,1.595574,2.52257
960,0.8033931,1.598214,2.524241
970,0.8086768,1.600878,2.525928
980,0.8139803,1.603565,2.527632
990,0.8193034,1.606275,2.529352
1000,0.8246455,1.609008,2.531089
1010,0.8300064,1.611764,2.532841
1020,0.8353856,1.614542,2.53461
1030,0.8407828,1.617342,2.536395
1040,0.8461977,1.620166,2.538197
1050,0.8516299,1.623011,2.540014
1060,0.857079,1.625879,2.541847
1070,0.8625449,1.628768,2.543697
1080,0.8680272,1.63168,2.545562
1090,0.8735253,1.634614,2.547443
1100,0.8790393,1.637569,2.549341
1110,0.8845688,1.640546,2.551254
1120,0.8901134,1.643544,2.553183
1130,0.8956727,1.646563,2.555128
1140,0.9012467,1.649604,2.557089
1150,0.906835,1.652666,2.559065
1160,0.9124374,1.655749,2.561058
1170,0.9180536,1.658853,2.563066
1180,0.9236833,1.661977,2.565089
1190,0.9293264,1.665123,2.567128
1200,0.9349824,1.668288,2.569183
1210,0.9406512,1.671475,2.571253
1220,0.9463326,1.674681,2.573339
1230,0.9520265,1.677908,2.57544
1240,0.9577324,1.681154,2.577557
1250,0.9634503,1.684421,2.579689
1260,0.9691798,1.687708,2.581836
1270,0.9749207,1.691014,2.583998
1280,0.9806731,1.69434,2.586176
1290,0.9864365,1.697685,2.588369
1300,0.9922107,1.70105,2.590577
1310,0.9979958,1.704433,2.592801
1320,1.003791,1.707837,2.595039
1330,1.009597,1.711259,2.597293
1340,1.015413,1.7147,2.599561
1350,1.021239,1.718159,2.601845
1360,1.027075,1.721638,2.604144
1370,1.03292,1.725135,2.606457
1380,1.038775,1.728651,2.608786
1390,1.044639,1.732185,2.611129
1400,1.050512,1.735737,2.613487
1410,1.056395,1.739307,2.61586
1420,1.062286,1.742895,2.618247
1430,1.068185,1.746501,2.620649
1440,1.074094,1.750125,2.623065
1450,1.080011,1.753767,2.625497
1460,1.085936,1.757426,2.627943
1470,1.091869,1.761103,2.630403
1480,1.09781,1.764797,2.632878
1490,1.103759,1.768508,2.635368
1500,1.109716,1.772237,2.637871
1510,1.11568,1.775982,2.640389
1520,1.121652,1.779744,2.642922
1530,1.127631,1.783523,2.645468
1540,1.133617,1.787319,2.648029
1550,1.139611,1.791132,2.650604
1560,1.145612,1.794961,2.653193
1570,1.151619,1.798806,2.655797
1580,1.157633,1.802668,2.658414
1590,1.163654,1.806545,2.661045
1600,1.169682,1.810439,2.663691
1610,1.175716,1.814349,2.66635
1620,1.181756,1.818275,2.669023
1630,1.187803,1.822216,2.67171
1640,1.193855,1.826173,2.674411
1650,1.199914,1.830146,2.677125
1660,1.205979,1.834134,2.679854
1670,1.21205,1.838138,2.682596
1680,1.218127,1.842157,2.685351
1690,1.224209,1.84619,2.68812
1700,1.230297,1.850239,2.690903
1710,1.23639,1.854303,2.693699
1720,1.242489,1.858382,2.696509
1730,1.248593,1.862476,2.699332
1740,1.254703,1.866584,2.702169
1750,1.260818,1.870707,2.705019
1760,1.266938,1.874844,2.707882
1770,1.273063,1.878995,2.710758
1780,1.279193,1.883161,2.713648
1790,1.285328,1.887341,2.716551
1800,1.291467,1.891536,2.719467
1810,1.297612,1.895744,2.722396
1820,1.303761,1.899966,2.725338
1830,1.309915,1.904202,2.728293
1840,1.316073,1.908451,2.731261
1850,1.322236,1.912715,2.734243
1860,1.328403,1.916992,2.737237
1870,1.334575,1.921282,2.740243
1880,1.340751,1.925586,2.743263
1890,1.346931,1.929902,2.746295
1900,1.353115,1.934232,2.74934
1910,1.359304,1.938576,2.752398
1920,1.365497,1.942932,2.755468
1930,1.371693,1.947301,2.758551
1940,1.377894,1.951682,2.761647
1950,1.384098,1.956077,2.764755
1960,1.390306,1.960484,2.767875
1970,1.396518,1.964904,2.771008
1980,1.402734,1.969337,2.774153
1990,1.408954,1.973781,2.777311
2000,1.415177,1.978238,2.780481
2010,1.421403,1.982708,2.783663
2020,1.427634,1.987189,2.786857
2030,1.433867,1.991683,2.790064
2040,1.440104,1.996188,2.793282
2050,1.446345,2.000706,2.796513
2060,1.452588,2.005235,2.799756
2070,1.458836,2.009776,2.80301
2080,1.465086,2.014328,2.806277
2090,1.47134,2.018893,2.809556
2100,1.477596,2.023468,2.812846
2110,1.483856,2.028055,2.816148
2120,1.490119,2.032654,2.819462
2130,1.496385,2.037264,2.822788
2140,1.502654,2.041885,2.826126
2150,1.508926,2.046517,2.829475
2160,1.5152,2.05116,2.832836
2170,1.521478,2.055814,2.836208
2180,1.527759,2.060479,2.839592
2190,1.534042,2.065155,2.842987
2200,1.540328,2.069842,2.846394
2210,1.546617,2.074539,2.849812
2220,1.552909,2.079247,2.853242
2230,1.559203,2.083965,2.856683
2240,1.5655,2.088694,2.860135
2250,1.571799,2.093433,2.863599
2260,1.578101,2.098183,2.867074
2270,1.584405,2.102943,2.87056
2280,1.590712,2.107713,2.874057
2290,1.597021,2.112493,2.877565
2300,1.603333,2.117283,2.881084
2310,1.609647,2.122083,2.884615
2320,1.615964,2.126893,2.888156
2330,1.622283,2.131713,2.891708
2340,1.628604,2.136543,2.895271
2350,1.634927,2.141382,2.898845
2360,1.641253,2.146231,2.90243
2370,1.647581,2.15109,2.906025
2380,1.653911,2.155958,2.909631
2390,1.660243,2.160836,2.913248
2400,1.666577,2.165722,2.916876
2410,1.672914,2.170619,2.920514
2420,1.679252,2.175524,2.924163
2430,1.685593,2.180439,2.927822
2440,1.691935,2.185363,2.931491
2450,1.69828,2.190296,2.935171
2460,1.704627,2.195238,2.938862
2470,1.710975,2.200188,2.942563
2480,1.717325,2.205148,2.946274
2490,1.723678,2.210116,2.949996
2500,1.730032,2.215094,2.953727
2510,1.736388,2.22008,2.957469
2520,1.742746,2.225074,2.961222
2530,1.749105,2.230078,2.964984
2540,1.755467,2.23509,2.968756
2550,1.76183,2.24011,2.972539
2560,1.768195,2.245138,2.976331
2570,1.774562,2.250175,2.980134
2580,1.78093,2.25522,2.983947
2590,1.7873,2.260274,2.987769
2600,1.793671,2.265336,2.991601
2610,1.800045,2.270406,2.995443
2620,1.80642,2.275484,2.999295
2630,1.812796,2.28057,3.003157
2640,1.819174,2.285664,3.007028
2650,1.825554,2.290766,3.010909
2660,1.831935,2.295875,3.0148
2670,1.838318,2.300993,3.0187
2680,1.844702,2.306118,3.02261
2690,1.851087,2.311252,3.026529
2700,1.857474,2.316392,3.030458
2710,1.863863,2.321541,3.034396
2720,1.870252,2.326696,3.038344
2730,1.876644,2.33186,3.042301
2740,1.883036,2.33703,3.046268
2750,1.889431,2.342209,3.050244
2760,1.895826,2.347394,3.054229
2770,1.902223,2.352588,3.058223
2780,1.908621,2.357788,3.062227
2790,1.91502,2.362995,3.066239
2800,1.921421,2.36821,3.070261
2810,1.927822,2.373432,3.074292
2820,1.934226,2.378661,3.078332
2830,1.94063,2.383896,3.082381
2840,1.947036,2.389139,3.086439
2850,1.953442,2.394389,3.090506
2860,1.95985,2.399645,3.094581
2870,1.96626,2.404909,3.098666
2880,1.97267,2.410179,3.10276
2890,1.979081,2.415456,3.106862
2900,1.985494,2.42074,3.110973
2910,1.991908,2.42603,3.115093
2920,1.998323,2.431327,3.119221
2930,2.004739,2.436631,3.123358
2940,2.011156,2.441941,3.127505
2950,2.017574,2.447258,3.131659
2960,2.023993,2.452581,3.135822
2970,2.030413,2.45791,3.139994
2980,2.036834,2.463246,3.144174
2990,2.043257,2.468588,3.148362
3000,2.04968,2.473936,3.15256
3010,2.056104,2.479291,3.156765
3020,2.062529,2.484652,3.160979
3030,2.068955,2.490019,3.165201
3040,2.075382,2.495392,3.169431
3050,2.081811,2.500772,3.17367
3060,2.088239,2.506157,3.177917
3070,2.09467,2.511548,3.182172
3080,2.1011,2.516945,3.186435
3090,2.107532,2.522348,3.190706
3100,2.113965,2.527758,3.194986
3110,2.120398,2.533173,3.199273
3120,2.126832,2.538593,3.203569
3130,2.133267,2.54402,3.207873
3140,2.139704,2.549452,3.212184
3150,2.14614,2.55489,3.216504
3160,2.152578,2.560333,3.220831
3170,2.159016,2.565782,3.225167
3180,2.165456,2.571237,3.22951
3190,2.171896,2.576697,3.23386
3200,2.178336,2.582163,3.238219
3210,2.184778,2.587635,3.242586
3220,2.19122,2.593112,3.24696
3230,2.197663,2.598594,3.251342
3240,2.204107,2.604081,3.255731
3250,2.210551,2.609574,3.260128
3260,2.216997,2.615072,3.264533
3270,2.223443,2.620576,3.268946
3280,2.229889,2.626085,3.273365
3290,2.236336,2.631599,3.277793
3300,2.242784,2.637118,3.282228
3310,2.249233,2.642642,3.28667
3320,2.255682,2.648172,3.29112
3330,2.262132,2.653706,3.295577
3340,2.268583,2.659246,3.300041
3350,2.275034,2.664791,3.304513
3360,2.281486,2.67034,3.308992
3370,2.287938,2.675894,3.313478
3380,2.294391,2.681454,3.317971
3390,2.300844,2.687018,3.322472
3400,2.307298,2.692587,3.32698
3410,2.313754,2.698161,3.331495
3420,2.320209,2.70374,3.336017
3430,2.326665,2.709324,3.340547
3440,2.333122,2.714912,3.345083
3450,2.339578,2.720505,3.349626
3460,2.346036,2.726103,3.354177
3470,2.352494,2.731705,3.358734
3480,2.358953,2.737312,3.363298
3490,2.365412,2.742924,3.367869
3500,2.371871,2.74854,3.372447
3510,2.378331,2.754161,3.377032
3520,2.384792,2.759786,3.381624
3530,2.391253,2.765416,3.386222
3540,2.397715,2.77105,3.390828
3550,2.404176,2.776689,3.39544
3560,2.410639,2.782332,3.400059
3570,2.417102,2.787979,3.404684
3580,2.423565,2.793631,3.409316
3590,2.430029,2.799287,3.413955
3600,2.436493,2.804947,3.4186
3610,2.442958,2.810612,3.423252
3620,2.449423,2.816281,3.427911
3630,2.455889,2.821954,3.432576
3640,2.462354,2.827631,3.437247
3650,2.468821,2.833313,3.441925
3660,2.475288,2.838998,3.44661
3670,2.481755,2.844688,3.451301
3680,2.488222,2.850382,3.455998
3690,2.49469,2.85608,3.460701
3700,2.501159,2.861782,3.465412
3710,2.507627,2.867487,3.470128
3720,2.514096,2.873197,3.47485
3730,2.520566,2.878911,3.479579
3740,2.527035,2.884629,3.484314
3750,2.533505,2.890351,3.489056
3760,2.539976,2.896076,3.493803
3770,2.546447,2.901806,3.498557
3780,2.552917,2.907539,3.503317
3790,2.559389,2.913276,3.508083
3800,2.56586,2.919018,3.512855
3810,2.572332,2.924762,3.517633
3820,2.578805,2.930511,3.522417
3830,2.585277,2.936263,3.527207
3840,2.59175,2.942019,3.532004
3850,2.598223,2.947779,3.536806
3860,2.604696,2.953543,3.541614
3870,2.61117,2.95931,3.546428
3880,2.617644,2.96508,3.551248
3890,2.624118,2.970854,3.556073
3900,2.630592,2.976632,3.560905
3910,2.637067,2.982414,3.565742
3920,2.643542,2.988199,3.570586
3930,2.650017,2.993987,3.575435
3940,2.656493,2.999779,3.580289
3950,2.662968,3.005574,3.58515
3960,2.669444,3.011374,3.590016
3970,2.675921,3.017176,3.594888
3980,2.682397,3.022982,3.599765
3990,2.688873,3.028791,3.604649
4000,2.69535,3.034604,3.609537
4010,2.701826,3.040419,3.614432
4020,2.708304,3.046239,3.619332
4030,2.714781,3.052061,3.624237
4040,2.721259,3.057887,3.629148
4050,2.727736,3.063717,3.634065
4060,2.734214,3.069549,3.638987
4070,2.740692,3.075385,3.643914
4080,2.74717,3.081224,3.648847
4090,2.753648,3.087066,3.653785
4100,2.760127,3.092911,3.658729
4110,2.766606,3.09876,3.663678
4120,2.773084,3.104612,3.668632
4130,2.779563,3.110466,3.673592
4140,2.786043,3.116324,3.678557
4150,2.792521,3.122185,3.683527
4160,2.799001,3.12805,3.688503
4170,2.80548,3.133917,3.693483
4180,2.81196,3.139787,3.69847
4190,2.81844,3.14566,3.703461
4200,2.824919,3.151536,3.708457
4210,2.8314,3.157416,3.713459
4220,2.83788,3.163298,3.718466
4230,2.84436,3.169184,3.723478
4240,2.850841,3.175072,3.728494
4250,2.857321,3.180963,3.733516
4260,2.863801,3.186857,3.738543
4270,2.870282,3.192754,3.743575
4280,2.876763,3.198654,3.748612
4290,2.883243,3.204556,3.753654
4300,2.889724,3.210462,3.758701
4310,2.896205,3.21637,3.763752
4320,2.902686,3.222281,3.768809
4330,2.909167,3.228195,3.773871
4340,2.915648,3.234112,3.778938
4350,2.922129,3.240032,3.78401
4360,2.928611,3.245954,3.789086
4370,2.935092,3.251879,3.794167
4380,2.941573,3.257807,3.799253
4390,2.948054,3.263737,3.804344
4400,2.954536,3.26967,3.80944
4410,2.961017,3.275606,3.81454
4420,2.967499,3.281545,3.819645
4430,2.973981,3.287486,3.824755
4440,2.980462,3.29343,3.82987
4450,2.986944,3.299376,3.834989
4460,2.993425,3.305325,3.840112
4470,2.999907,3.311276,3.845241
4480,3.006388,3.317231,3.850374
4490,3.01287,3.323187,3.855512
4500,3.019351,3.329147,3.860654
4510,3.025833,3.335109,3.865801
4520,3.044397,3.341073,3.870952
4530,3.050878,3.34704,3.876108
4540,3.057358,3.353009,3.881268
4550,3.063839,3.358981,3.886433
4560,3.070321,3.364955,3.891602
4570,3.076802,3.370932,3.896776
4580,3.083283,3.376911,3.901954
4590,3.089764,3.382893,3.907137
4600,3.096245,3.388877,3.912325
4610,3.102726,3.394863,3.917516
4620,3.109208,3.400852,3.922712
4630,3.115689,3.406843,3.927912
4640,3.122171,3.412837,3.933117
4650,3.128652,3.418833,3.938326
4660,3.135134,3.424831,3.943539
4670,3.141615,3.430832,3.948756
4680,3.148097,3.436835,3.953978
4690,3.154579,3.44284,3.959204
4700,3.16106,3.448847,3.964434
4710,3.167542,3.454857,3.969668
4720,3.174023,3.460869,3.974907
4730,3.180505,3.466883,3.98015
4740,3.186976,3.4729,3.985397
4750,3.524185,3.478919,3.990648
4760,3.530121,3.484939,3.995903
4770,3.53606,3.490963,4.001163
4780,3.542001,3.496988,4.006426
4790,3.547944,3.503015,4.011693
4800,3.55389,3.509045,4.016965
4810,3.559838,3.515077,4.022241
4820,3.565789,3.521111,4.027521
4830,3.571742,3.527147,4.032804
4840,3.577697,3.533185,4.038092
4850,3.583654,3.539226,4.043384
4860,3.589614,3.545268,4.048679
4870,3.595577,3.551312,4.053979
4880,3.601541,3.557359,4.059282
4890,3.607508,3.563408,4.06459
4900,3.613477,3.569458,4.069901
4910,3.619449,3.575511,4.075216
4920,3.625422,3.581566,4.080536
4930,3.631398,3.587623,4.085859
4940,3.637377,3.593682,4.091186
4950,3.643357,3.599743,4.096517
4960,3.64934,3.605806,4.101851
4970,3.655325,3.611871,4.10719
4980,3.661312,3.617938,4.112532
4990,3.667301,3.624006,4.117877
5000,3.673293,3.630077,4.123227
5010,3.679286,3.63615,4.128581
5020,3.685282,3.642225,4.133938
5030,3.69128,3.648301,4.139299
5040,3.69728,3.65438,4.144664
5050,3.703282,3.66046,4.150032
5060,3.709286,3.666542,4.155404
5070,3.715293,3.672626,4.160779
5080,3.721302,3.678712,4.166159
5090,3.727312,3.6848,4.171541
5100,3.733325,3.69089,4.176928
5110,3.73934,3.696982,4.182318
5120,3.745356,3.703075,4.187711
5130,3.751375,3.709171,4.193109
5140,3.757396,3.715268,4.198509
5150,3.763419,3.721367,4.203914
5160,3.769444,3.727468,4.209321
5170,3.77547,3.73357,4.214733
5180,3.781499,3.739674,4.220148
5190,3.78753,3.74578,4.225566
5200,3.793563,3.751888,4.230989
5210,3.799598,3.757997,4.236414
5220,3.805634,3.764109,4.241843
5230,3.811673,3.770222,4.247275
5240,3.817713,3.776337,4.252711
5250,3.823756,3.782453,4.25815
5260,3.8298,3.788571,4.263592
5270,3.835847,3.794691,4.269038
5280,3.841895,3.800813,4.274487
5290,3.847945,3.806936,4.279939
5300,3.853997,3.813061,4.285395
5310,3.860051,3.819188,4.290854
5320,3.866107,3.825316,4.296317
5330,3.872164,3.831446,4.301783
5340,3.878224,3.837578,4.307252
5350,3.884285,3.843711,4.312725
5360,3.890348,3.849846,4.3182
5370,3.896413,3.855983,4.323679
5380,3.90248,3.862121,4.329162
5390,3.908548,3.868261,4.334647
5400,3.914619,3.874402,4.340136
5410,3.920691,3.880545,4.345628
5420,3.926765,3.886689,4.351123
5430,3.93284,3.892835,4.356621
5440,3.938918,3.898983,4.362122
5450,3.944997,3.905132,4.367627
5460,3.951077,3.911283,4.373134
5470,3.95716,3.917435,4.378645
5480,3.963244,3.923589,4.384159
5490,3.969331,3.929744,4.389676
5500,3.975418,3.935901,4.395196
5510,3.981507,3.94206,4.40072
5520,3.987598,3.94822,4.406246
5530,3.993691,3.954381,4.411776
5540,3.999786,3.960544,4.417308
5550,4.005882,3.966708,4.422844
5560,4.01198,3.972874,4.428382
5570,4.018079,3.979041,4.433924
5580,4.02418,3.98521,4.439469
5590,4.030283,3.99138,4.445016
5600,4.036387,3.997552,4.450567
5610,4.042493,4.003725,4.45612
5620,4.048601,4.0099,4.461677
5630,4.05471,4.016076,4.467236
5640,4.060822,4.022253,4.472798
5650,4.066934,4.028432,4.478364
5660,4.073047,4.034612,4.483932
5670,4.079163,4.040793,4.489503
5680,4.08528,4.046976,4.495077
5690,4.091399,4.053161,4.500654
5700,4.097519,4.059346,4.506234
5710,4.103641,4.065533,4.511817
5720,4.109764,4.071722,4.517402
5730,4.115889,4.077911,4.52299
5740,4.122015,4.084103,4.528581
5750,4.128143,4.090295,4.534175
5760,4.134272,4.096489,4.539772
5770,4.140403,4.102685,4.545372
5780,4.146535,4.108881,4.550974
5790,4.152669,4.115079,4.556579
5800,4.158805,4.121279,4.562187
5810,4.164942,4.127479,4.567798
5820,4.17108,4.133681,4.573411
5830,4.17722,4.139884,4.579028
5840,4.183361,4.146089,4.584647
5850,4.189504,4.152294,4.590268
5860,4.195648,4.158501,4.595892
5870,4.201793,4.164709,4.60152
5880,4.20794,4.170918,4.607149
5890,4.214088,4.177129,4.612782
5900,4.220238,4.183342,4.618416
5910,4.226389,4.189555,4.624054
5920,4.232542,4.19577,4.629694
5930,4.238696,4.201985,4.635337
5940,4.244852,4.208202,4.640983
5950,4.251008,4.214421,4.646632
5960,4.257166,4.22064,4.652283
5970,4.263326,4.22686,4.657936
5980,4.269487,4.233082,4.663592
5990,4.275649,4.239305,4.669251
6000,4.281813,4.24553,4.674912
6010,4.287977,4.251755,4.680576
6020,4.294144,4.257982,4.686242
6030,4.300311,4.26421,4.691911
6040,4.30648,4.270439,4.697582
6050,4.312651,4.27667,4.703256
6060,4.318822,4.282901,4.708932
6070,4.324995,4.289133,4.714611
6080,4.331169,4.295367,4.720293
6090,4.337345,4.301601,4.725976
6100,4.343522,4.307837,4.731663
6110,4.349699,4.314074,4.737352
6120,4.355879,4.320312,4.743043
6130,4.36206,4.326552,4.748737
6140,4.368241,4.332792,4.754434
6150,4.374425,4.339034,4.760132
6160,4.380609,4.345277,4.765833
6170,4.386795,4.351521,4.771537
6180,4.392981,4.357765,4.777243
6190,4.399169,4.364011,4.782951
6200,4.405359,4.370259,4.788662
6210,4.41155,4.376507,4.794375
6220,4.417741,4.382756,4.800091
6230,4.423934,4.389006,4.805809
6240,4.430129,4.395257,4.811529
6250,4.436324,4.40151,4.817252
6260,4.442521,4.407763,4.822977
6270,4.448719,4.414019,4.828704
6280,4.454918,4.420274,4.834433
6290,4.461118,4.426531,4.840165
6300,4.46732,4.432788,4.845899
6310,4.473522,4.439047,4.851635
6320,4.479727,4.445307,4.857374
6330,4.485931,4.451568,4.863115
6340,4.492137,4.45783,4.868858
6350,4.498344,4.464093,4.874604
6360,4.504553,4.470357,4.880352
6370,4.510763,4.476622,4.886102
6380,4.516973,4.482887,4.891854
6390,4.523185,4.489154,4.897609
6400,4.529398,4.495422,4.903366
6410,4.535613,4.501691,4.909124
6420,4.541828,4.507961,4.914886
6430,4.548044,4.514232,4.920649
6440,4.554262,4.520504,4.926414
6450,4.56048,4.526777,4.932182
6460,4.5667,4.533051,4.937952
6470,4.57292,4.539326,4.943724
6480,4.579143,4.545601,4.949499
6490,4.585365,4.551878,4.955275
6500,4.591589,4.558156,4.961054
6510,4.597815,4.564435,4.966835
6520,4.604041,4.570714,4.972618
6530,4.610268,4.576995,4.978403
6540,4.616497,4.583276,4.98419
6550,4.622725,4.589559,4.989979
6560,4.628956,4.595842,4.99577
6570,4.635188,4.602126,5.001563
6580,4.64142,4.608411,5.007359
6590,4.647654,4.614697,5.013156
6600,4.653889,4.620985,5.018956
6610,4.660124,4.627273,5.024757
6620,4.666361,4.633561,5.030561
6630,4.672599,4.639851,5.036367
6640,4.678837,4.646142,5.042175
6650,4.685077,4.652433,5.047985
6660,4.691318,4.658726,5.053797
6670,4.69756,4.665019,5.059611
6680,4.703803,4.671313,5.065427
6690,4.710047,4.677608,5.071245
6700,4.716291,4.683904,5.077065
6710,4.722537,4.690201,5.082886
6720,4.728784,4.696499,5.08871
6730,4.735031,4.702797,5.094536
6740,4.74128,4.709096,5.100364
6750,4.74753,4.715396,5.106194
6760,4.753781,4.721697,5.112026
6770,4.760032,4.727999,5.11786
6780,4.766285,4.734302,5.123696
6790,4.772538,4.740606,5.129534
6800,4.778793,4.746911,5.135374
6810,4.785048,4.753216,5.141215
6820,4.791305,4.759521,5.147058
6830,4.797562,4.765828,5.152904
6840,4.80382,4.772136,5.158751
6850,4.81008,4.778444,5.1646
6860,4.816339,4.784754,5.170451
6870,4.822601,4.791064,5.176304
6880,4.828863,4.797375,5.182159
6890,4.835125,4.803687,5.188015
6900,4.841389,4.809999,5.193874
6910,4.847654,4.816312,5.199735
6920,4.85392,4.822627,5.205597
6930,4.860186,4.828942,5.211462
6940,4.866454,4.835258,5.217327
6950,4.872722,4.841574,5.223195
6960,4.878991,4.847891,5.229064
6970,4.885261,4.854209,5.234936
6980,4.891532,4.860528,5.240809
6990,4.897804,4.866848,5.246684
7000,4.904077,4.873168,5.252561
7010,4.91035,4.879489,5.25844
7020,4.916625,4.885811,5.26432
7030,4.9229,4.892134,5.270203
7040,4.929176,4.898458,5.276087
7050,4.935453,4.904782,5.281973
7060,4.941731,4.911107,5.28786
7070,4.94801,4.917432,5.29375
7080,4.95429,4.923759,5.299641
7090,4.960571,4.930086,5.305533
7100,4.966851,4.936413,5.311428
7110,4.973134,4.942742,5.317324
7120,4.979416,4.949071,5.323223
7130,4.9857,4.955401,5.329122
7140,4.991984,4.961732,5.335024
7150,4.998271,4.968064,5.340927
7160,5.004557,4.974396,5.346832
7170,5.010844,4.980729,5.352739
7180,5.017131,4.987062,5.358647
7190,5.02342,4.993397,5.364557
7200,5.02971,4.999732,5.370469
7210,5.036,5.006068,5.376382
7220,5.042291,5.012404,5.382298
7230,5.048583,5.018742,5.388215
7240,5.054875,5.025079,5.394133
7250,5.06117,5.031418,5.400053
7260,5.067464,5.037757,5.405974
7270,5.073759,5.044097,5.411898
7280,5.080054,5.050438,5.417823
7290,5.08635,5.056779,5.423749
7300,5.092648,5.063121,5.429678
7310,5.098947,5.069463,5.435608
7320,5.105245,5.075806,5.44154
7330,5.111545,5.08215,5.447473
7340,5.117846,5.088495,5.453408
7350,5.124146,5.09484,5.459344
7360,5.130449,5.101186,5.465282
7370,5.136751,5.107533,5.471221
7380,5.143054,5.11388,5.477163
7390,5.149359,5.120228,5.483105
7400,5.155663,5.126576,5.489049
7410,5.161969,5.132926,5.494995
7420,5.168275,5.139276,5.500943
7430,5.174583,5.145626,5.506891
7440,5.180891,5.151977,5.512842
7450,5.187199,5.158328,5.518794
7460,5.193509,5.16468,5.524748
7470,5.199819,5.171033,5.530703
7480,5.206129,5.177386,5.53666
7490,5.21244,5.18374,5.542618
7500,5.218753,5.190095,5.548578
7510,5.225066,5.19645,5.554539
7520,5.23138,5.202806,5.560503
7530,5.237694,5.209163,5.566467
7540,5.244009,5.21552,5.572433
7550,5.250325,5.221879,5.578401
7560,5.256641,5.228237,5.584369
7570,5.262958,5.234596,5.59034
7580,5.269276,5.240956,5.596311
7590,5.275594,5.247316,5.602284
7600,5.281913,5.253677,5.608259
7610,5.288234,5.260038,5.614235
7620,5.294554,5.2664,5.620213
7630,5.300875,5.272763,5.626192
7640,5.307197,5.279126,5.632173
7650,5.313519,5.28549,5.638155
7660,5.319842,5.291854,5.644139
7670,5.326167,5.298219,5.650124
7680,5.332491,5.304585,5.65611
7690,5.338816,5.310951,5.662098
7700,5.345142,5.317317,5.668087
7710,5.351469,5.323685,5.674078
7720,5.357795,5.330052,5.680069
7730,5.364123,5.336421,5.686063
7740,5.370451,5.34279,5.692058
7750,5.376781,5.349159,5.698054
7760,5.383111,5.355529,5.704052
7770,5.389441,5.3619,5.710052
7780,5.395772,5.368271,5.716053
7790,5.402103,5.374642,5.722055
7800,5.408436,5.381014,5.728058
7810,5.414768,5.387387,5.734063
7820,5.421103,5.39376,5.740069
7830,5.427437,5.400134,5.746076
7840,5.433771,5.406508,5.752085
7850,5.440106,5.412884,5.758095
7860,5.446443,5.419259,5.764106
7870,5.452779,5.425635,5.770119
7880,5.459116,5.432011,5.776134
7890,5.465454,5.438388,5.782149
7900,5.471793,5.444766,5.788167
7910,5.478132,5.451144,5.794185
7920,5.484471,5.457522,5.800204
7930,5.490811,5.463902,5.806225
7940,5.497152,5.470281,5.812248
7950,5.503494,5.476661,5.818271
7960,5.509836,5.483042,5.824296
7970,5.516178,5.489423,5.830322
7980,5.522522,5.495804,5.836349
7990,5.528865,5.502187,5.842378
8000,5.53521,5.508569,5.848408
8010,5.541554,5.514953,5.854439
8020,5.547901,5.521336,5.860472
8030,5.554246,5.52772,5.866506
8040,5.560594,5.534105,5.872541
8050,5.56694,5.54049,5.878578
8060,5.573288,5.546875,5.884616
8070,5.579637,5.553262,5.890655
8080,5.585985,5.559648,5.896696
8090,5.592335,5.566035,5.902737
8100,5.598685,5.572422,5.90878
8110,5.605035,5.57881,5.914824
8120,5.611386,5.585199,5.920869
8130,5.617738,5.591588,5.926916
8140,5.62409,5.597977,5.932963
8150,5.630443,5.604367,5.939013
8160,5.636797,5.610757,5.945063
8170,5.643151,5.617148,5.951114
8180,5.649505,5.623539,5.957167
8190,5.65586,5.629931,5.963221
8200,5.662215,5.636323,5.969276
8210,5.668571,5.642716,5.975333
8220,5.674929,5.649109,5.981391
8230,5.681285,5.655503,5.98745
8240,5.687643,5.661897,5.99351
8250,5.694001,5.668292,5.999572
8260,5.70036,5.674686,6.005634
8270,5.706719,5.681082,6.011698
8280,5.713079,5.687478,6.017763
8290,5.719439,5.693874,6.023829
8300,5.7258,5.700271,6.029896
8310,5.732161,5.706668,6.035964
8320,5.738523,5.713066,6.042034
8330,5.744885,5.719463,6.048105
8340,5.751248,5.725862,6.054177
8350,5.757611,5.732261,6.06025
8360,5.763976,5.73866,6.066324
8370,5.77034,5.74506,6.072399
8380,5.776705,5.75146,6.078476
8390,5.78307,5.757861,6.084554
8400,5.789435,5.764262,6.090632
8410,5.795802,5.770663,6.096713
8420,5.802169,5.777065,6.102794
8430,5.808536,5.783467,6.108876
8440,5.814905,5.78987,6.11496
8450,5.821273,5.796273,6.121044
8460,5.827641,5.802677,6.12713
8470,5.834011,5.809081,6.133216
8480,5.84038,5.815485,6.139304
8490,5.84675,5.82189,6.145393
8500,5.853122,5.828295,6.151484
8510,5.859493,5.834701,6.157575
8520,5.865864,5.841107,6.163667
8530,5.872236,5.847513,6.169761
8540,5.878609,5.85392,6.175855
8550,5.884982,5.860327,6.181951
8560,5.891355,5.866735,6.188048
8570,5.897729,5.873143,6.194146
8580,5.904103,5.879551,6.200244
8590,5.910479,5.88596,6.206345
8600,5.916853,5.892369,6.212446
8610,5.92323,5.898779,6.218548
8620,5.929605,5.905189,6.224651
8630,5.935983,5.9116,6.230755
8640,5.94236,5.91801,6.236861
8650,5.948738,5.924421,6.242967
8660,5.955116,5.930833,6.249074
8670,5.961494,5.937244,6.255183
8680,5.967874,5.943656,6.261292
8690,5.974253,5.950069,6.267403
8700,5.980633,5.956482,6.273515
8710,5.987013,5.962896,6.279627
8720,5.993393,5.969309,6.285741
8730,5.999774,5.975724,6.291856
8740,6.006155,5.982139,6.297972
8750,6.012537,5.988554,6.304089
8760,6.018921,5.994969,6.310206
8770,6.025303,6.001384,6.316325
8780,6.031687,6.0078,6.322445
8790,6.038071,6.014216,6.328566
8800,6.044455,6.020633,6.334688
8810,6.050839,6.02705,6.340811
8820,6.057224,6.033467,6.346935
8830,6.06361,6.039885,6.35306
8840,6.069996,6.046303,6.359187
8850,6.076382,6.052722,6.365314
8860,6.082768,6.059141,6.371442
8870,6.089155,6.065559,6.377571
8880,6.095542,6.071979,6.383701
8890,6.101932,6.078399,6.389832
8900,6.108319,6.084819,6.395964
8910,6.114708,6.09124,6.402096
8920,6.121098,6.097661,6.40823
8930,6.127487,6.104082,6.414365
8940,6.133877,6.110503,6.420501
8950,6.140267,6.116925,6.426638
8960,6.146657,6.123348,6.432775
8970,6.153049,6.12977,6.438915
8980,6.159441,6.136193,6.445055
8990,6.165832,6.142617,6.451196
9000,6.172225,6.14904,6.457337
9010,6.178617,6.155464,6.46348
9020,6.185011,6.161888,6.469623
9030,6.191404,6.168313,6.475767
9040,6.197798,6.174737,6.481913
9050,6.204192,6.181162,6.488059
9060,6.210587,6.187588,6.494206
9070,6.216982,6.194014,6.500354
9080,6.223376,6.20044,6.506504
9090,6.229773,6.206866,6.512654
9100,6.236168,6.213293,6.518805
9110,6.242565,6.21972,6.524957
9120,6.248962,6.226148,6.53111
9130,6.255359,6.232575,6.537263
9140,6.261757,6.239004,6.543418
9150,6.268155,6.245432,6.549574
9160,6.274553,6.25186,6.55573
9170,6.280951,6.258289,6.561888
9180,6.287351,6.264718,6.568046
9190,6.29375,6.271148,6.574205
9200,6.30015,6.277578,6.580366
9210,6.30655,6.284009,6.586527
9220,6.312951,6.29044,6.592689
9230,6.319352,6.29687,6.598852
9240,6.325753,6.303301,6.605015
9250,6.332154,6.309732,6.61118
9260,6.338556,6.316164,6.617346
9270,6.344959,6.322596,6.623512
9280,6.351361,6.329028,6.62968
9290,6.357765,6.335461,6.635848
9300,6.364168,6.341894,6.642017
9310,6.370571,6.348327,6.648187
9320,6.376975,6.35476,6.654357
9330,6.383379,6.361194,6.660529
9340,6.389785,6.367629,6.666701
9350,6.39619,6.374063,6.672874
9360,6.402595,6.380497,6.679049
9370,6.409001,6.386932,6.685224
9380,6.415408,6.393367,6.6914
9390,6.421814,6.399802,6.697577
9400,6.428221,6.406238,6.703754
9410,6.434628,6.412674,6.709933
9420,6.441035,6.419111,6.716113
9430,6.447443,6.425548,6.722293
9440,6.453851,6.431984,6.728475
9450,6.460259,6.438421,6.734656
9460,6.466668,6.444858,6.740839
9470,6.473077,6.451295,6.747022
9480,6.479486,6.457733,6.753206
9490,6.485896,6.464171,6.759391
9500,6.492306,6.47061,6.765576
9510,6.498716,6.477049,6.771763
9520,6.505127,6.483488,6.777951
9530,6.511539,6.489927,6.78414
9540,6.51795,6.496367,6.790329
9550,6.524361,6.502806,6.796519
9560,6.530772,6.509247,6.802711
9570,6.537185,6.515687,6.808902
9580,6.543598,6.522128,6.815095
9590,6.550011,6.528568,6.821289
9600,6.556424,6.535009,6.827483
9610,6.562838,6.54145,6.833678
9620,6.569252,6.547892,6.839873
9630,6.575665,6.554334,6.84607
9640,6.58208,6.560775,6.852268
9650,6.588494,6.567217,6.858466
9660,6.594909,6.57366,6.864665
9670,6.601325,6.580102,6.870864
9680,6.60774,6.586545,6.877065
9690,6.614156,6.592989,6.883266
9700,6.620572,6.599432,6.889468
9710,6.626988,6.605876,6.895671
9720,6.633405,6.61232,6.901875
9730,6.639822,6.618764,6.90808
9740,6.646239,6.625209,6.914285
9750,6.652658,6.631654,6.920491
9760,6.659075,6.638099,6.926697
9770,6.665494,6.644544,6.932904
9780,6.671913,6.65099,6.939113
9790,6.678331,6.657436,6.945321
9800,6.68475,6.663882,6.951531
9810,6.691169,6.670328,6.957741
9820,6.69759,6.676775,6.963953
9830,6.704009,6.683221,6.970165
9840,6.710429,6.689668,6.976378
9850,6.71685,6.696115,6.982592
9860,6.72327,6.702562,6.988806
9870,6.729692,6.709009,6.995021
9880,6.736113,6.715456,7.001236
9890,6.742534,6.721904,7.007453
9900,6.748957,6.728352,7.01367
9910,6.755379,6.7348,7.019888
9920,6.761801,6.741249,7.026107
9930,6.768223,6.747698,7.032327
9940,6.774647,6.754148,7.038547
9950,6.781071,6.760597,7.044768
9960,6.787494,6.767046,7.050989
9970,6.793918,6.773496,7.057211
9980,6.800342,6.779946,7.063434
9990,6.806766,6.786396,7.069658